ID,names
1,Cristian Caballero
1,Vicenta Olivares
1,Leonides Cintrón
1,Ascencion Betancourt
1,Alanzo Arenas
1,Primeiro Sánchez
1,Serena Monroy
1,Madina Mojica
1,Consolacion Cordero
1,Faqueza Serrano
1,Grazia Quesada
1,Ivette Partida
5,Calandria Meraz
5,Armanda Zúñiga
5,Brigida Bueno
5,Ambrosio Barela
5,Migdalia Ocasio
10,Rosemarie Meza
10,Carmela Zapata
10,Dita Soto
10,Esmeralda Salas
10,Maite Ibarra
10,Deiene Melgar
10,Elodia Guerrero
10,Lara Arroyo
10,Montego Zepeda
10,Ramira Burgos
10,Laline Melgar
10,Edita Delao
10,Nailea Lira
10,Paz Lozano
10,Earlina Bueno
10,Ivonne Cordero
13,Lavina Negrón
13,Dantel Miramontes
13,Lucila Varela
13,Hortencia Pizarro
13,Legarre Leal
13,Xochitl Montanez
13,Manuelo Santillán
13,Nieve Marrero
13,Primeiro Valle
13,Cipriana Esquibel
13,Joaquin Hinojosa
13,Veto Mena
13,Waleska Sierra
18,Alfonso Solórzano
18,Gabriel Muñoz
18,Nerea Santacruz
18,Stefano Montés
18,Presencia Meléndez
18,Socorro Trejo
18,Martino Castro
18,Macario Cruz
18,Aurelia Carrasco
18,Lea Fernández
18,Brisha López
18,Orquidea Nevarez
18,Gervasio Vela
18,Beatriz Guzmán
18,Bella Barrientos
18,Blas Cintrón
18,Victoriano Quezada
18,German Maya
18,Montrel Marrero
18,Marquilla Nevarez
21,Estefania Valdés
21,Noe Hernandes
21,Barto Ceja
21,Catalina Hinojosa
21,Jerrold Benavides
21,Salvador Granados
21,Nevada Bonilla
21,Socorro Alba
21,Izarre Gaytan
21,Quinta Ordóñez
21,Dantel Ontiveros
21,Jax Soria
21,Yesenia Suárez
21,Isabela Luevano
21,German Fajardo
21,Garabine Uribe
21,Gabriel Salgado
21,Charo Verdugo
21,Iliana 	Jairo Olmos
21,Enriqua Casanova
21,Fraco Pineda
21,Eduardo Baez
21,Amadeo Villareal
21,Coraly Magana
21,Pedro Bañuelos
22,Paz Cadena
22,Gitana Borrego
22,Palmira Ferrer
22,Sabina Delrío
22,Rey Ramírez
22,Jeremias Anguiano
22,Emesto Segura
22,Zapopa Treviño
22,Jerrald Bustos
22,Ezmeralda Corrales
22,Dacio Cordova
22,Dulcinia Iglesias
22,Flaca Vasquez
22,Dominga Sevilla
22,Anibal Mora
22,Carola Escalante
26,Roana Castellanos
26,Irene Hernandes
26,Estefana Laureano
26,Kristina Burgos
26,Jimena Jasso
26,Charo Irizarry
26,Calida Ríos
26,Jerrely Hernández
26,Guido Macías
26,Fresco Ordóñez
26,Chan Santana
26,Anselmo León
26,Emilio Guillén
26,Cristian García
26,Tejano Burgos
26,Nerea Najera
26,Conrado Velasco
26,Bembe Heredia
26,Rica Arredondo
26,Gezane Valadez
26,Jasone Benítez
26,Honor Carvajal
26,Yonaidys Madrid
26,Melita Galvez
26,Montenegro Sauceda
26,Kesara Vázquez
26,Itsaso Guevara
28,Thaimy Rubio
28,Monte Espinal
28,Isi Alejandro
28,Hidalgo Garica
28,Ernesto Ordóñez
28,Ezequiel Casárez
28,Aureliano Rosado
28,Dolores Comejo
28,Morisa Esparza
28,Felipe Candelaria
28,Leticia Urrútia
28,Celestina Galarza
28,Jorge Mojica
28,Cesaro Fuentes
31,Irene Cisneros
31,Charro Sánchez
31,Dionis Calderón
31,Olivia Marrero
31,Dulce Lerma
33,Yadra Rosales
33,Eduardo Parra
33,Rica Jurado
33,Neva Aponte
33,Jovena Lozano
33,Neiva Echevarría
33,Xiomarys Carmona
33,Mario Borrego
33,Montes Guevara
33,Ladonna Montemayor
33,Yaira Márquez
33,Josias Pagan
33,Milagros Solorio
35,Aura Esparza
35,Nautica Jiménez
35,Grazia Dejesús
35,Sancia Pérez
35,Solana Padrón
35,Zanita Nazario
35,Marlina Pulido
35,Zurina Negrón
35,Brisha Urbina
35,Sierra Castro
35,Anastasio Guardado
35,Agustin Rangel
35,Yonaidys Solórzano
35,Fausta Quintana
35,Graciela Palomino
35,Quito Castellanos
35,Dayanara Ramírez
36,Karmen Arana
36,Yajaira Correa
36,Calvina Concepción
36,Damario Aponte
36,Orlan Carbajal
36,Xeveria Amador
36,Gervasio Jiménez
36,Ursulina Verdugo
36,Carola Sisneros
36,Leonor Quiñónez
36,Bibiana Perales
36,Saturnina Banda
36,Turi Cantú
36,Chrisanne Gracia
36,Ceri Salcido
39,Navarro Álvarez
39,Fabio Cardona
39,Tadeo Santana
39,Ignacia Villegas
39,Ricarda Velásquez
39,Elija Montero
39,Myra Puente
43,Jovita Monroy
43,Carola Baez
43,Montae Puente
43,Pablo Frías
43,Quin Delatorre
43,Bertha Benavides
43,Honoratas Ojeda
43,Chaya Estrada
43,Tia Armas
43,Segunda Vaca
43,Roberto Zambrano
43,Gitana Dueñas
43,Fresco Méndez
43,Ezequiel Núñez
43,Angel Matos
43,Toro Loya
43,Enzo Sevilla
48,Montenegro Zapata
48,Dantel Patino
48,Danilo Almonte
48,Quin Cortés
48,Angel Arellano
48,Amado Navarrete
48,Juana Menéndez
48,Leandro Puga
48,Perfecta Razo
48,Salma Perales
48,Claudia Vaca
48,Arcilla Regalado
48,Felipe Guevara
48,Dukine Salcedo
48,Gustavo Holguín
48,Irene Verdugo
49,Florentino Godoy
49,Ramiro Padrón
49,Kiki Briseño
49,Fernando Cintrón
49,Godfredo Ontiveros
49,Calvina Solano
49,Lupe Guardado
49,Nemesio Espinal
49,Brisa Escobar
49,Amado Pelayo
49,Catalina Trejo
49,Sonora Delgado
49,Dalila Arredondo
49,Lourdes Escamilla
49,Erendira Meraz
49,Olademis Cabrera
51,Vicenta Godoy
51,Brisia Mayonga
51,Oliveria Terán
51,Ladonna Bueno
51,Bemabe Reséndez
51,Ramira Suárez
56,Yadra Delgadillo
56,Madeira Pulido
56,Paloma Mateo
56,Kemen Pedroza
56,Crisann Najera
56,Demario Jasso
56,Rufina Guerrero
56,Turi Sevilla
56,Coco Ramos
56,Bernicia Duran
56,Mauro Sanches
56,Manuelo Caldera
56,Elia Ojeda
56,Dorbeta Chacón
56,Martina Malave
56,Gertrudis Ponce
56,Rosa Baez
56,Cesar Vázquez
56,Terceira Jasso
56,Taurino Varela
56,Guanina Sanabria
56,Edita Pacheco
56,Gabriella Quiñones
56,Estefana Holguín
56,Fonda Fernández
56,Galena Meraz
56,Alfredo Nava
56,Elvia Delvalle
56,Estella Reyna
56,Yaneisy Mejía
56,Drina 	Duena Murillo
56,Alfredo Alicea
56,Pasqual Soto
56,Leopoldo Ledesma
56,Shoshana Bonilla
56,Alfonso Covarrubias
57,Victorio Guardado
57,Clarissa Calvillo
57,Fidel Munguia
57,Immaculada Ramos
57,Florentina Balderas
57,Yanely Longoria
57,Concetta Tovar
57,Tadeo Razo
57,Victor Leyva
57,Roderiga Romo
57,Porfirio Archuleta
57,Candida Arredondo
57,Che Reséndez
57,Leonora Esquivel
57,Maritza Centeno
63,Juandalynn Cabrera
63,Teresita Bañuelos
63,Nicolas Suárez
63,Raimundo Naranjo
63,Zaneta Carreón
66,Thaimy Soria
66,Vidal Soliz
66,Materia Loera
66,Madeira Montalvo
66,Mora Loera
66,Leahonia Caballero
72,Pueblo Osorio
72,Karelma Bahena
72,Guillelmina Quiñones
72,Palba Vázquez
72,Odanda Cuellar
72,Tejano Gastelum
72,Cruz Carrera
72,Geraldo Morales
72,Ursulina Mascarenas
72,Ceri Figueroa
72,Cortez Cano
72,Sancia Elizondo
74,Arturo Terán
74,Sabino Escobar
74,Lia Gaytan
74,Kemena Barela
74,Belgis Valentín
74,Verdad Valdivia
74,Querida Carreón
74,Lia Mora
74,Briza Tirado
74,Hernando Sisneros
74,Zurine Montano
74,Leala Cano
74,Gezana Cerda
74,Ricardo Pizarro
74,Kemina Tirado
74,Dorotea Luna
74,Gregoria Acosta
74,Yumaris Banda
74,Crisanna Urbina
74,Emilia Echevarría
74,Pureza Navarrete
74,Kiki Nieto
74,Michelle Villareal
74,Godfredo Almaraz
74,Luz Lemus
74,Ciro Jasso
74,Victoro Acevedo
74,Godalupe Lerma
74,Demario Fuentes
74,Dorotea Rendón
74,Gertrudis Cerda
75,Jerrely Casillas
75,Usoa Badillo
75,Pepe Guardado
75,Dulcea Bermúdez
75,Melosia Gil
75,Cristine Deanda
75,Yonaidys Venegas
75,Sebastiano Jiménez
75,Dayanara Villanueva
75,Nalda Corrales
75,Rocio Ramos
75,Salvadore Peralta
75,Florinio Tapia
75,Remedios Pineda
75,Dulcinea Cruz
75,Marisa Castro
75,Guadalupe Toledo
75,Elias Montés
76,Ursulina Malave
76,Pedro Tapia
76,Mateo Orta
76,Ignazio Toledo
76,Leonides Pina
76,Hernando Reyna
76,Claudio Luján
76,Serafina Aponte
76,Jovita Ballesteros
76,Norberto Juárez
76,Emilie Ruiz
76,Zarita Escamilla
76,Daniela Ríos
76,Erasmo Godoy
76,Morisa Borrego
76,Gertrudis Contreras
76,Grazia Almonte
76,Morissa Paz
76,Verdad Galarza
76,Ernesta Ortega
76,Martina Zúñiga
76,Casta Concepción
76,Gerardo Bustamante
76,Reno Huerta
76,Severo Cedillo
81,Izar Carrillo
81,Bartolo Gracia
81,Xevera Lerma
81,Flaca Santiago
81,Xaviera Villalpando
85,Demario Arenas
85,Leya Guzmán
85,Vicenta Olivo
85,Rica Montemayor
85,Felippe Matías
85,Dukine Palacios
85,Silvia Cavazos
85,Gustavo Cordova
86,Lur Acevedo
86,Nestor Sánchez
86,Genevalisse Nieto
86,Emesto Alcaraz
86,Rey Valdez
86,Lenora Aparicio
86,Martina Saucedo
86,Verdad Valadez
86,Vidal Robledo
86,Melosa Dueñas
86,Juan Montano
86,Izazkun Botello
86,Salvadora Arreola
86,Margarita Alicea
86,Raquel Dueñas
86,Clodoveo Hurtado
86,Cenobia Maldonado
86,Manuela Holguín
86,Pirro Viera
86,Molara Castro
87,Claudia Estrada
87,Xiomarys Salgado
87,Esteban Ontiveros
87,Exaltacion Sisneros
87,Javier Romo
87,Xalvadora Santiago
87,Alvaro Pantoja
87,Cipriano Centeno
87,Ileanna Urrútia
90,Maricela Negrón
90,Jerrold Carrera
90,Thalia Luján
90,Catalin Esquibel
90,Silverio Lira
93,Madia Segovia
93,Garaitz Escalante
93,Bernicia Ávila
93,Juana Soliz
93,Fermin Munguia
93,Montrell Tapia
98,Laurita Tamayo
98,Mimi Posada
98,Florencia Zamora
98,Raimundo Armas
98,Guliana Espinoza
98,Felicitas Acosta
99,Verdad Fonseca
99,Eleena Ruiz
99,Tadeo Ornelas
99,Dukine Villalobos
99,Amoldo Cordova
99,Virginia Covarrubias
99,Osana Ulloa
99,Paulita Valdez
99,Purisima Vallejo
99,Adelio Arriaga
99,Cristina Alba
99,Esperanza Verduzco
99,Cionnaye Alarcón
99,Rufio Cardona
99,Tea Nava
99,Xeveria Meza
99,Estebana Pedraza
99,Zanita Olivas
99,Roldan Manzanares
99,Carlomagno Escamilla
99,Pasha Deleón
99,Adan Alonso
99,Eron Ceballos
99,Valentina Rael
99,Leahonia Partida
99,Eduardo Catalano
99,Jesus Vidro
100,Pedro Orozco
100,Andreo Rico
100,Bertha Aponte
100,Godfredo Gallardo
100,Matias Alcalá
100,Deina Murillo
100,Enriqueta Beltrán
100,Leticia Saucedo
100,Efrain Sanabria
100,Imelda Gil
109,Yvonne Serna
109,Leira Galindo
109,Marlina Peres
109,Delcine Carmona
109,Graciela Montalvo
109,Nixzaliz Raya
109,Tonio Tello
109,Angelo Valles
109,Berenice Maya
109,Blasa Mata
109,Teresa Aparicio
109,Laurencia Díaz
109,Roano Altamirano
109,Osana Benavidez
110,Armanda Ulloa
110,Camila Palomo
110,Placido Mares
110,Urbano Zúñiga
110,Rey Colunga
110,Elia Anaya
110,Luella Fonseca
110,Consuela Verduzco
110,Cuartio Mata
110,Alvar Robles
110,Erlene Tirado
110,Izarre Rico
110,Sierra Ozuna
110,Irma Balderas
110,Eleadora Puga
110,Telma Cardona
111,Florinio Matos
111,Jacinta Sánchez
111,Orquidia Ocampo
111,Dionisa Carreón
111,Milagrosa Gamboa
111,Aura Valverde
111,Elvera Palomo
113,Roldana Frías
113,Elbertina Mateo
113,Yumaris Peralta
113,Arcadia Patino
113,Encarnacion Collazo
113,Nita Sevilla
113,Heriberto Bernal
113,Amadeo Salazar
113,Daria Rivero
113,Sierra Barela
113,Calida Dávila
113,Iago Najera
113,Maricel Narváez
113,Teodor Arriaga
113,Marcos Ulibarri
113,Dionisa Acuna
113,Segunda Rubio
113,Dina Muñoz
113,Quinto Haro
113,Dreena Ontiveros
116,Chiquita Valladares
116,Jacinta Arévalo
116,Sal Magana
116,Madelynn Velázquez
116,Crista Armas
116,Chrysann Arana
116,Quito Rodrígez
116,Isabella Abreu
116,Presencia Alva
116,Paloma Arriaga
116,Rosalinda Baez
116,Pirro Alcaraz
116,Kristina Ulloa
116,Danilo Benavidez
116,Gracia Garza
116,Athalia Gurule
116,Eugenio Alicea
119,Flaca Betancourt
119,Ventana Leal
119,Lupe Jáquez
119,Magdalena Saldivar
119,Calvina Jaramillo
119,Bemabe Navarrete
119,Madelynn Carrasquillo
119,Angelino Aguilera
119,Marelys Palomo
120,Luvina Almanza
120,Tulia Patino
120,Lucio Olivárez
120,Natal Pagan
120,Rio Gómez
120,Yumaris Elizondo
120,Andres Rodarte
120,Floramaria Colunga
120,Maricella Alva
120,Maite Cedillo
120,Tulio Griego
120,Bibiana Montés
123,Orland Puente
123,Mendi Zamudio
123,Marietta Matos
123,Kemina Tórrez
123,Neva Jaramillo
123,Sancho Martínez
123,Arcelia Acuna
123,Hernandez Longoria
123,Placido Zavala
123,Felippe Lucero
123,Estefany Abreu
123,Constanza Sanabria
123,Oliverios Quiñónez
123,Navarro Venegas
123,Isabel Alva
123,Leya Quintero
123,Cris Griego
123,Carisa Sauceda
123,Morissa Zepeda
123,Gitana Burgos
123,Consuela Alanis
123,Valentin Robles
123,Horado Nevarez
123,Delmar Rivero
129,Lalo Nieves
129,Blanca Carranza
129,Soledada Aranda
129,Rodolfo Rodarte
131,Ricarda Muñiz
131,Olivia Paredes
131,Cenobia Trejo
131,Felisa Ocampo
131,Richie Oquendo
131,Dantae Espinosa
131,Julio Ybarra
131,Zaviera Sarabia
131,Estefany Aparicio
131,Beatrisa Canales
131,Aurkene Velez
131,Gillermo Aguilar
131,Rica Alániz
131,Estefana Delao
135,Savanna Carrera
135,Gregoria Farías
135,Julina Abeyta
135,Mariquita Alonso
135,Urbano Briseño
135,Victoro Montano
137,Yaira Miramontes
137,Fidelia Alfaro
137,Cecilia Salgado
137,Delmara Muñiz
137,Pureza Haro
137,Vicenta Baez
137,Mano Magana
137,Normando Villareal
137,Pedro Montés
137,Onofre Henríquez
137,Carlos Patino
137,Cesaro Mascarenas
137,Carmina Escobedo
137,Marilu Alva
137,Feo Casas
137,German Velásquez
137,Madalena Valladares
137,Lucrecia Toro
137,Yara Casillas
137,Ricardo Valdivia
137,Turi Ochoa
137,Zumac Perales
137,Dreena Ponce
138,Brisha Corral
138,Blasa Garibay
138,Esteban Preciado
138,Rosaline Gracia
138,Vincente Lara
138,Zita Cantú
138,Corazana Benítez
138,Zaviera Beltrán
138,Macario Martínez
138,Athalia Muñiz
138,Quito Moreno
138,Ventura Olivares
138,Esteban Ojeda
138,Carola Pelayo
138,Ramon Gallegos
138,Cipriano Granados
143,Elena Zamudio
143,Cisco Barrera
143,Xeveria Perea
143,Ursulina Esquibel
143,Renato Abrego
143,Cid Quintero
143,Modesta Tejeda
143,Ambrosio Regalado
143,Belita Zúñiga
143,Juanito Tejeda
143,Nesto Lovato
143,Laurana Botello
143,Yashira Casillas
145,Laurencia Hurtado
145,Bella Segovia
145,Felicitas Cazares
145,Serena Navarrete
145,Azura Mena
145,Destina Serna
145,Videl Montemayor
145,Rico Bernal
145,Leopoldo Ocasio
145,Cortez Ceballos
145,Jesus Nazario
145,Estefani Santana
145,Carisa Colón
145,Olademis Benavides
145,Arnaldo Villalpando
145,Veronica Suárez
145,Silverio Polanco
145,Roderigo Roldán
147,Carmen Téllez
147,Materia Alonso
147,Crisann González
147,Odanda Orosco
147,Calida Tirado
147,Idalyz Reynoso
147,Mariquita Raya
147,Benigna Sevilla
147,Waleska Galván
147,Bernardo Manzanares
147,Severo Barela
148,Sol Betancourt
148,Ester Matías
148,Roz Pelayo
148,Neiva Tejada
148,Ella Carrillo
148,Alfonso Tejeda
148,Belinda Aguilera
148,Fraco Alfaro
150,Ramiro Arenas
150,Cheena Soliz
150,Godofredo Villalobos
150,Zapopa Roldán
150,Sofia Alonzo
150,Dina Arévalo
150,Lenora Ortiz
150,Marta Rendón
150,Salvador Mesa
150,Juliana Salas
150,Mio Arana
150,Dinora Carvajal
150,Florencia Zelaya
150,Elvera Cazares
150,Erasmo Coronado
150,Xochitl Roybal
150,Estelle Gastelum
150,Criston Menéndez
150,Trella Tijerina
150,Concepcion Madrid
154,Alvar Meraz
154,Ofelia Ávalos
154,Enriqueta Galarza
154,Osana Almanza
154,Stefano Armijo
154,Nerita Cortés
154,Ramona Galván
154,Yadra Canales
154,Berenice Zayas
154,Clarisa Bermúdez
154,Generosa Tafoya
154,Belen Espinoza
154,Gechina Mata
154,Cristobal Guardado
154,Rosemarie Iglesias
154,Cionnaye Aranda
154,Blanca Nazario
154,Alvino Ochoa
154,Romeo Orozco
154,Isi Vallejo
154,Nataniel Roybal
154,Dorbeta Chavarría
157,Ramira Deanda
157,Gertrudes Malave
157,Natividad Reyes
157,Elodia Fajardo
157,Blasa Cárdenas
157,Concepcion Reyes
157,Jomayra Juárez
157,Jeronimo Ulloa
157,Estelita Verdugo
157,Larunda Menchaca
157,Louredes Romo
157,Katia Delrío
157,Filipa Duarte
157,Roana Álvarez
157,Fidel Jaime
162,Teresita Mateo
162,Delmara Benítez
162,Flor Velázquez
162,Martina Murillo
162,Lore Velez
162,Neto Maldonado
162,Oliverio Dueñas
166,Nekana Apodaca
166,Arcadia Guardado
166,Javiera Saenz
166,Juanetta Benavides
166,Estevon Miramontes
166,Saturnin Ballesteros
166,Lolita Aparicio
166,Estefana Acevedo
166,Lavina Briseño
166,Placida Roldán
166,Guadalupe García
166,Thalia Montez
166,Pancho Abreu
166,Cristine Alfaro
166,Evarado Maestas
166,Sara Aguayo
166,Roberto Vázquez
168,Arlo Montero
168,Miranda Orellana
168,Galenia Calvillo
168,Lur Reyes
168,Ronaldo Armendáriz
168,Salvadore Iglesias
168,Kemena Beltrán
168,Mora Serrano
168,Mariano Lira
168,Luciano Ramírez
168,Materia Arredondo
170,Oliverio Puga
170,Leon Rosario
170,Marta Pelayo
170,Destina Collazo
170,Renato Jáquez
170,Sabino Mares
170,Nicolas Negrón
170,Magalys Elizondo
170,Heriberto Quiñónez
170,Gotzone Alba
170,Elsa Velázquez
170,Marisa Merino
170,Veronica Bustamante
170,Leonor Valles
170,Videl Heredia
170,Teodoro Sotelo
170,Lolitta Cardona
170,Aurelia Trejo
170,Eduardo Reyes
170,Everardo Verduzco
170,Yolanda Pérez
170,Luvenia Rosales
170,Esequiel Aguayo
170,Roberto Alcalá
173,Chavela Delvalle
173,Laurana Garrido
173,Ventana Gurule
173,Lara Saldivar
173,Frascuelo Palomo
173,Madalena Gallegos
173,Atalaya Brito
173,Brisa Pabón
173,Sein Valles
174,Fernando Meza
174,Anton Prado
174,Orlondo Arriaga
174,Orland Granado
174,Marelys Segura
174,Marlina Barraza
174,Deiene Amaya
174,Aricela Montoya
174,Letitia Casillas
174,Dominica Cerda
174,Florentino Rojo
174,Normando Farías
174,Marelys Lugo
174,Rosamar Quiñónez
184,Brisa Osorio
184,Silverio Mota
184,Paz Arana
184,Mano Zavala
184,Arcilla Almaraz
184,Benita Alarcón
184,Kemen Toledo
184,Leonides Roque
184,Anastasio Peralta
185,Onofre Collazo
185,Ventana León
185,Belicia Cervantes
185,Gregorio Luján
185,Sofia Barragán
186,Gil Valles
186,Noe Galarza
186,Gertrudes Quiñónez
186,Carmelita Ordóñez
186,Franco Cabán
186,Erlina Gallegos
186,Josue Ayala
186,Currito Estrada
186,Brisia Ordóñez
189,Sancho Cortés
189,Dulce Carmona
189,Maria Paz
189,Josefa Paez
189,Coraly Alvarado
189,Carilla Arévalo
189,Bella Matías
189,Aquila Colunga
189,Onofre Muñoz
189,Reno Aponte
189,Tanis Balderas
189,Gustavo Contreras
189,Gertrudes Benavides
189,Odanda Gallegos
189,Oihane Barraza
189,Josefa Zaragoza
189,Cisco Quiroz
189,Lluvia Carreón
189,Rafael Briseño
189,Celesta Escamilla
189,Frascuelo Quesada
189,Leticia Ávalos
189,Estevan Lara
190,Enriqueta Duran
190,Melosa Cuellar
190,Leonor Archuleta
190,Gracia Lomeli
191,Lora Canales
191,Morisa Romo
191,Manuela Rosado
191,Dorotea Marrero
191,Armanda Becerra
194,Tavio Delrío
194,Inocenta Hinojosa
194,Shoshana Hurtado
194,Lucila Ornelas
194,Aurelio Pagan
194,Victoro Rivera
194,Dorotea Betancourt
194,Franco Arredondo
194,Querida Pizarro
194,Rio Castro
194,Orlin Aguilar
194,Candida Guerrero
194,Rey Arroyo
194,Yanire Chavarría
194,Marisela Delatorre
194,Ofelia Patino
194,Elvio Hinojosa
194,Saturnin Benítez
194,Xochitl Farías
194,Gustava Quintero
197,Cenobia Brito
197,Chayo Delarosa
197,Josune Cepeda
197,Paz Armendáriz
197,Alfredo León
197,Eskama Escalante
197,Vidal Alvarado
197,Tonio Delagarza
197,Jerico Burgos
197,Inocencia Madrid
197,Melisenda Aragón
197,Calida Escamilla
197,Roldan Guerra
197,Orlin Corona
201,Tauro Velásquez
201,Dani Adomo
201,Pedra Alanis
201,Timo Guajardo
201,Romeo Castillo
201,Carmen Mayonga
201,Digna Jimínez
201,Quinta Luevano
201,Charo Guillén
201,Rogelio Jaramillo
201,Aureliano Quesada
201,Guillelmina Olvera
201,Xiomara Manzanares
201,Brandye Rincón
201,Cristos Raya
202,Veta Alejandro
202,Fortuna Jiménez
202,Nesto Escalante
202,Manuel Domínguez
202,Arnaldo Carrillo
202,Frescura Cisneros
202,Isabel Badillo
202,Honoria Pantoja
202,Xevera Beltrán
202,Pacho Treviño
202,Felicita Gómez
202,Guido Santiago
202,Gabrio Muñoz
206,Marquez Rivas
206,Berta Velázquez
206,Manuel Sisneros
206,Erasmo Olvera
206,Evita Ramírez
206,Leticia Henríquez
206,Juanito Duran
206,Javier Batista
206,Jax Matos
206,Rocio Colunga
206,Florinia Madera
206,Imelda Mares
206,Urbano Quintanilla
206,Dulcina Patino
206,Gabriela Bustamante
206,Ileanna Escobar
206,Geraldo Santillán
206,Teo Malave
206,Alanzo Puente
206,Sancha Corral
206,Isi Acevedo
206,Mayra-Liz Fonseca
206,Arlo Quintero
206,Yonaidys Valdivia
206,Heriberto Mireles
206,Rayman Carrasco
212,Nautica Gallardo
212,Carmencita Bahena
212,Lia Mota
212,Jerrald Lerma
212,Xeveria Manzanares
212,Savanna Garza
212,Godalupe Griego
212,Calvina Mena
212,Montrelle Jáquez
212,Jakinda Zamudio
212,Milagro Rendón
212,Mimi Guzmán
212,Tanis Collazo
212,Lore Holguín
213,Seina Urías
213,Chiquita Rosado
213,Salvatore Castaneda
213,Marco Gómez
213,Humberto Olivárez
213,Zurina Meléndez
213,Mariana Campos
213,Juanisha Marroquín
220,Carlomagno Díaz
220,Chica Galarza
220,Enriqua García
220,Raulo Tello
220,Nelida Sisneros
221,Inoceneia Alonso
221,Felicitas Sanches
221,Montel Mondragón
221,Dolores Reyna
221,Palmira Matías
221,Nestor Arévalo
221,Norma Marrero
221,Lucila Rivera
221,Tajo Canales
221,Cristine Hurtado
221,Berto Lara
221,Reyna Molina
221,Norberto Ojeda
221,Tabor Rael
221,Felisa Navarro
221,Ovidio Segura
221,Arella Pabón
221,Casta Limón
221,Ambrosio Casillas
221,Zita Menchaca
221,Raimunda Calvillo
221,Silvino Mayonga
221,RosIyn Ramírez
221,Estelle Bustos
224,Mateo Sánchez
224,Godofredo Carrera
224,Karmen Vela
224,Lupita Merino
224,Julian Campos
224,Bernicia Navarro
224,Juliana Caldera
224,Camila Collazo
224,Julian Mota
224,Yesenia Mota
224,Viridiana Delafuente
224,Teo Espinal
226,Salvino Cotto
226,Suzelly Jasso
226,Graciana Muñoz
226,Oihane Haro
226,Yuricema Barrera
226,Chaya Villalpando
226,Heriberto Paez
226,Maela Miramontes
226,Joaquin Esparza
226,Milagros Mendoza
226,Lucena Olivera
226,Telma Cruz
226,Mauro Montemayor
227,Pepita Baeza
227,Estrellita Beltrán
227,Elisa Cabrera
227,Miranda Galarza
227,Leon Garza
227,Jerold Pulido
227,Jacinta Rentería
227,Alonzo Rentería
227,Sancha Villareal
227,Corazana Botello
227,Pastora Baeza
228,Larunda Luevano
228,Esperanza Reséndez
228,Xalbadora Velásquez
228,Dionis Aranda
228,Flavio Valle
229,Vittoria Valdivia
229,Josue Soria
229,Justino Bravo
229,Zamora Raya
229,Suelita Batista
229,Gaspard Riojas
229,Pasha Sanabria
229,Estralita Grijalva
229,Yumaris Olivas
229,LaCienega Delatorre
229,Rocio Quiroz
229,Savannah Olivo
230,Dacio Gastelum
230,Manuel Torres
230,Florencia Santana
230,Brigida Garza
230,Jose Mercado
230,Miguel Farías
230,Madena Casillas
230,Kesara Palacios
230,Javiera Bahena
230,Nana Reyes
230,Jesus Vaca
230,Patricio 	Patrido Pena
230,Enzo Delgado
230,Gustava Campos
230,Malita Chávez
230,Maya Alejandro
230,Lia Ulibarri
230,Brisia Barraza
230,Prudencia Casanova
230,Florencia Zamora
230,Magdalen Romo
230,Martino Quiñónez
230,Roderigo Badillo
230,Pepe Ledesma
230,Reyes Agosto
230,Eva Varela
230,Guillermina Vera
230,Dolorita Soria
230,Teodoro Otero
231,Drina 	Duena Escalante
231,Artura Arroyo
231,Montrelle Rodríguez
231,Tierra Lerma
231,Juandalynn Miranda
231,Gabino Nazario
231,Humberto Quintero
231,Arturo Anguiano
231,Rafe Aragón
231,Delcine Partida
231,Christina Leal
231,Xalbadora Serrano
231,Alarico Saldivar
231,Salvatore Comejo
231,Jax Tello
231,Ronaldo Pelayo
232,Estrellita Covarrubias
232,Asianah Pulido
232,Ileanna Preciado
232,Cuarto Villaseñor
232,Elina Figueroa
232,Loretta Armas
232,Madalena Galván
232,Valencia Menchaca
232,Lola Manzanares
232,Paz Arce
232,Patricia Camarillo
232,Elisa Briones
232,Dorinda Armas
232,Carmina Castro
232,Felipe Brito
232,Fidel Betancourt
232,Mirabel Carrasco
232,Roz Viera
232,Cristobal Cervantes
232,Landrada Estévez
232,Cristian Valencia
232,Bonifacio Flórez
233,Leonardo Parra
233,Roano Magana
233,Anbessa Delgadillo
233,Tea Granado
233,Carola Ornelas
236,Arella Domínquez
236,Carilla Dejesús
236,Cristobal Armenta
236,Ella Prado
236,Aureliana Hinojosa
236,Orlando Cantú
236,Jerold Caballero
236,Currito Guillén
236,Adan Montemayor
236,Neron Curiel
236,Cassandra Montés
236,Kiki Ortiz
236,Demario Velásquez
236,Encarnacion Casárez
236,Maureo Venegas
236,Delcine Trujillo
236,Calida Valles
236,Ursulina Coronado
239,Telma Sandoval
239,Conshita Soto
239,Lobo Ocampo
239,Zurine Juárez
239,Yanamaria Ceballos
239,Roberto Ramos
239,Fonda Porras
239,Gaspard Velez
239,Blas Cabán
239,Honorato Ontiveros
239,Ivonne Rosales
239,Jovita Carrión
239,Daunte Guerra
239,Rosamar Quezada
239,Rosalia Avilés
239,Lourdes Díaz
239,Flavio Alba
239,Iliana 	Jairo Ramos
241,Xaviera Velez
241,Carmen Castillo
241,Lola Botello
241,Xalbadora Espinal
241,Julio Mireles
241,Lazaro Rocha
241,Ezequiel Gonzales
241,Teresa Contreras
241,Josune Quintanilla
241,Estralita Apodaca
241,Elvio Saenz
241,Anton Robles
241,Normando Cintrón
241,Romano Juárez
241,Gervasio Santana
241,Waleska Carrera
241,Hernando Fuentes
241,Juanisha Burgos
241,Normando Dávila
241,Quinta Mora
241,Pepita Vanegas
241,Inocenta Cintrón
241,Valencia Montalvo
246,Molara Sosa
246,Dorbeta Duran
246,Judith Villalobos
246,Izarre Manzanares
246,Eduardo Tamayo
246,Saturnin Beltrán
246,Carletta Frías
246,Berta Delatorre
246,Dinora Zamora
246,Karmen Gil
246,Andreo Ocampo
246,Gala Tamez
246,Saturnin Rodríguez
246,Ramirez Rosario
246,Presta Zarate
246,Leonides Jaime
246,Esperanza Corral
248,Devera Arce
248,Raul Barajas
248,Madelynn Rosales
248,Nelia Ochoa
248,Eleena Cardona
248,Immaculada Guzmán
248,Hilario Hinojosa
248,Tito Villanueva
248,Gaspara Ojeda
248,Tejana Quesada
248,Carmelita Mejía
248,Godalupe Merino
248,Josune Tejeda
248,Ignacia Quintero
249,Marta Sepúlveda
249,Nieve Echevarría
249,Nana Sauceda
249,Feliciano Alva
249,Gracia Banda
249,Magdalen Dueñas
249,Clarissa Macías
249,Rafe Zarate
249,Roberto Heredia
250,Toro Rodrígez
250,Larunda Padrón
250,Che Huerta
250,Armena Soria
250,Gotzone Bueno
254,Gerardo Esquivel
254,Ivonne Miramontes
254,Dani Porras
254,Drina 	Duena Marín
254,Faron Echevarría
255,Pancho Covarrubias
255,Consolacion Zapata
255,Barto Aparicio
255,Mannie Quintanilla
255,Chano Ayala
255,Teresita Escobar
255,Heriberto Aponte
255,Flaca Abeyta
255,Elvita Ojeda
255,Florentina Patino
255,Rosalind Zamudio
255,Garabina Aguilera
255,Feliciano Cisneros
255,Rafe León
255,Tulio Maldonado
258,Franco Granados
258,Consuelo Luna
258,Suelita Aponte
258,Zandra Cervántez
258,Videl Covarrubias
258,Ernesto Almaraz
258,Leandro Parra
258,Orquidia Quezada
258,Orland Ocampo
258,Coleta Mesa
258,Simona Baeza
259,Hernando Sánchez
259,Oliverio Baeza
259,Kesara Patino
259,Raimundo Galindo
259,Elvia Puente
259,Hernan Pelayo
259,Encarnacion Valdez
259,Silverio Pizarro
259,Danita Ozuna
259,Alba Canales
259,Vittoria Delagarza
259,Prospero Quesada
259,Noe Badillo
259,Ula García
259,Sein Gómez
259,Richie Mateo
259,Leonel Calderón
259,Zarita Guerra
259,Juandalynn Tafoya
259,Geraldo Armijo
259,Fanuco Borrego
259,Pasha Rincón
259,Dinora Moreno
260,Nixzaliz Malave
260,Ikerne Peralta
260,Marisa Comejo
260,Migdalia Montano
261,Carrola Acevedo
261,Chrisanne Abreu
261,Brigida Salazar
261,Juan Balderas
261,Gil Tijerina
261,Pasha Alonso
261,Anbessa Rosas
261,Rodas Rentería
261,Dani Arce
261,Berto Quintanilla
261,Eneas Villanueva
261,Cuartio Urrútia
268,Dona Rincón
268,Nautica Carranza
268,Patricia Vera
268,Estralita Duran
268,Orlondo Mota
268,Arnoldo Covarrubias
270,Xeveria Navarrete
270,Arnaldo Banda
270,Lourdes Alanis
270,Brisha Naranjo
270,Orquidia Orta
270,Gaspar Nevarez
270,Evita Avilés
270,Archibaldo Valdez
270,Jerrald Alva
270,Morissa Valles
270,Carlos Roybal
270,Maricella Otero
270,Waleska Zarate
270,Ezmeralda Reynoso
270,Sancho Carbajal
270,Mayra-Liz Laureano
271,Corazana Téllez
271,Carlota Melgar
271,Frisco Solís
271,Florinio Contreras
271,Bernardo Garrido
273,Lupe Peralta
273,Josefa Oquendo
273,Elvira Badillo
273,Carla Archuleta
273,Loleta Banda
273,Florinia Partida
273,Lupe Berrios
273,Conshita Laboy
273,Catalin Arellano
273,Lilia Olmos
273,Estelle Urrútia
273,Gezana Batista
273,Zarita Delvalle
273,Teyo Delgadillo
274,Catalin Maestas
274,Matro Cortés
274,Galena Quintero
274,Garbina Soliz
276,Zumac Raya
276,Yoana Cabrera
276,Arnaldo Ornelas
276,Lola Gracia
276,Idoia Baca
277,Charo Arroyo
277,Igone Lozano
277,Leahonia Urrútia
277,Nieve Porras
277,Elias Flórez
277,Presta Serrano
277,Izarre Peralta
277,Mayra-Liz Jaimes
277,Lazaro Zaragoza
277,Pacho Segura
277,Manolito Henríquez
277,Cyntia Díaz
277,Consuelo Guillén
277,Tierra Jáquez
277,Patricio 	Patrido Prado
277,Francisco Agosto
277,Rosamaria Barrera
277,Raquel Iglesias
277,Vina Leal
278,Yuricema Huerta
278,Neron Angulo
278,Leonides Nieto
278,Tulio Grijalva
278,Jovita Barragán
278,Odanda Dejesús
278,Patricio 	Patrido Carbajal
278,Jovina Almonte
278,Deikun Arévalo
278,Lucila Mireles
278,Carlotta Iglesias
278,Gertrudes Cuellar
278,Jesusa Ulibarri
278,Ester Gurule
278,Yadra Ortega
281,Ignado Lozada
281,Ginebra Loera
281,Calandria Gurule
281,Cari Salas
281,Teodor Saucedo
281,Oihane Trejo
281,Dayanara Apodaca
281,Sabina Correa
281,Edenia Vera
281,Berto Cotto
281,Yajaira Leyva
281,Joselito Rojo
281,Estefany Valenzuela
281,Cuarto Saldana
281,Maricel Sánchez
281,Elbertina Sotelo
281,Rai Fernández
281,Floramaria Mata
281,Fausto Armenta
281,Paz Rosado
281,Calida Holguín
281,Melisenda Madera
281,Soledad Santacruz
283,Timo Arenas
283,Erlene Haro
283,Montae Esquibel
283,Paulita Villagómez
283,Pancho Saenz
283,Terciero Casanova
283,Freira Miranda
283,Consolacion Carrasquillo
283,Nemesio Limón
283,Yoana Jaimes
283,Cortez Zúñiga
286,Jax Bustamante
286,Berenice Venegas
286,Alvar Hidalgo
286,Fidelina Meléndez
286,Solana Abeyta
286,Natividad Arenas
286,Joselito Muro
286,Bernardo Archuleta
286,Rufina Camarillo
286,Clarisa Burgos
286,Floramaria Zamudio
286,Cortez Chacón
286,Neto Ybarra
286,Yadra Quiroz
286,Montae Segura
286,Rosalinda Pagan
287,Maitea Ramón
287,Julina Cervantes
287,Mora Chapa
287,Edenia Carrillo
287,Rey Arana
287,Roderiga Tamez
287,Calvina Valles
287,Sancia Zepeda
287,Cenobia Noriega
287,Vicenta Hurtado
287,Madelynn Guerrero
287,Porfiro Meléndez
287,Isabel Menéndez
287,Rocio Ávila
287,Palba Ozuna
288,Louredes Velázquez
288,Orlan Peres
288,Savanna Matías
288,Paz Vigil
288,Blas Serna
289,Fresco Montero
289,Roderigo Atencio
289,Izarre Tamayo
289,Candi Almonte
289,Ula Cantú
289,Esmeralda Rangel
289,Raimunda Mata
289,Estefany Banda
289,Juandalynn Rivas
289,Beatrisa Posada
289,Blanca Curiel
289,Cristine Navarrete
289,Evita Luevano
289,Suelita Lugo
289,Naiara Godoy
289,Guanina Zavala
289,Rosalyn Lemus
289,Kemen Valdez
291,Armando Agosto
291,Luella Reynoso
291,Benedicto Vigil
291,Veronica Romo
291,Placido Barajas
291,Dacio Valverde
291,Reyes González
291,Justino Alarcón
291,Izarra Gaitán
291,Matias Toro
291,Ovidio Orozco
291,Orquidia Montanez
291,Godfredo Nino
291,Calida Delatorre
291,Melosa Gamez
291,Alvino Casanova
291,Casimiro Corona
291,Earlina Mateo
291,Julina Zavala
291,Janisa Marroquín
291,Frascuelo Colunga
291,Serena Casanova
291,Leticia Nazario
293,Leandro Portillo
293,Monica Segovia
293,Montes Peres
293,Rodolfo Carrasco
293,Nesto Manzanares
293,Eduardo Cazares
293,Fernando González
293,Carlota Portillo
293,Marta Olivera
293,Carmelita Aguilera
293,Clarisa Sisneros
293,Melosa Ybarra
293,Florinia Fajardo
297,Ivonne Esparza
297,Enriqua Valverde
297,Engracia Nevarez
297,Irene Tapia
297,Yuricema Valverde
297,Dora Cavazos
297,Earlene Ceja
297,Flaca Banda
297,Fidel Najera
297,Bernicia Santillán
297,Marquez Menchaca
297,Sevilla Zarate
297,Rosaline Tello
297,Bonita Comejo
297,Damario Benítez
297,Ginessa Núñez
299,Zita Delarosa
299,Ivelisse Cuellar
299,Jovena Ibarra
299,Quinta Duarte
299,Rafe Terán
302,Cristobal Pineda
302,Exaltacion Ybarra
302,Fausta Pedraza
302,Nieve Varela
302,Terciero Acosta
302,Brisia Corrales
302,Pura Lira
305,Seina Pedroza
305,Belen Benavidez
305,Hugo Lebrón
305,Zandra Pena
305,Feliciano Ulibarri
305,Lonzo Bermúdez
305,Mirabel Quintanilla
305,Leala Espinal
305,Felix Carmona
305,Macario Viera
305,Gregorio Paz
305,Macerio Sánchez
305,Gabino Rodríguez
305,Lobo Garibay
305,Calvina Domínquez
305,Chamayra Mondragón
305,Salvadora Brito
307,Estela Lomeli
307,Armena Colunga
307,Godalupe Abeyta
307,Bryssa Otero
307,Joselito Vasquez
307,Mendi Regalado
307,Devera Morales
307,Rico Mendoza
307,JaJuan Carrasco
307,Thalia Avilés
307,Pitina Ávila
307,Dia Camacho
307,Lenora Alanis
307,Rosaline Villagómez
307,Jordana Salazar
310,Beatriz Bañuelos
310,Naldo Pedraza
310,Flavio Cerda
310,Christina Zayas
310,Delphia Ruiz
310,Gezane Garrido
310,Chayo Cortés
310,Martina Velez
310,Jerrely Sanabria
310,Martha Casanova
310,Arlo Cabán
310,Estelle Montalvo
310,Blanco Sarabia
310,Eduardo Catalano
310,Jesus Vidro
310,Floramaria Díaz
310,Rafael Vigil
310,Dona Mayonga
310,Salomon Molina
310,Carilla Pagan
310,Casimiro Ybarra
310,Zanetta Zaragoza
310,Che Colón
310,Elsa Medrano
310,Erendira Gonzales
310,Mannie Correa
310,Tobias Melgar
315,Beltran Luevano
315,Eleanora Escalante
315,Suelita Prado
315,Josue Negrón
315,Yizel Verduzco
316,Aurkena Delgadillo
316,Juanetta Atencio
316,Izarra Baeza
316,Montrelle Granado
316,Eloy Villegas
316,Nelia Ontiveros
316,Neva Tovar
316,Norberto Guzmán
316,Dacio Mascarenas
316,JaJuan Hernandes
317,Oliveria Sandoval
317,Rita Reynoso
317,Anbessa Acevedo
317,Izar Griego
317,Natalia Villalpando
317,Salvatore Saavedra
317,Jesenia Sotelo
317,Armena Orozco
317,Regina Garza
317,Raina Murillo
317,Jerrely Valadez
317,Cesara Espinal
317,Delmar Roldán
317,Zumac Jasso
317,Enrique Garrido
317,Sabana Sanches
317,Sara Menchaca
317,Monte Delao
317,Jesenia Alva
317,Sancha Madera
317,Daunte Flórez
318,Carlota Jimínez
318,Bernicia Montés
318,Fanuco Abeyta
318,Andres Villareal
318,Anibal Benítez
318,Che Moreno
318,Estevon Arteaga
318,Armanda Rubio
318,Salvatore Haro
318,Freira Méndez
318,Dario Vera
318,Irma Escobar
318,Montay Riojas
319,Savannah Jasso
319,Rocio Caldera
319,JaJuan Concepción
319,Sofia Cabrera
319,Guliana Rojo
319,Montrel Quintero
319,Viridiana Carrión
319,Delphia Serrano
319,Niguel Lugo
319,Montay Delapaz
319,Ciri Barreto
326,Turi Solano
326,Nerea Quiñones
326,Celesta Palomino
326,Quito Gómez
326,Isabel Saldivar
326,Ivette Sedillo
326,Cruz Laureano
326,Hortencia Baca
326,Jakinda Quezada
326,Lolita Corral
326,Cristos Longoria
326,Belicia Carrasco
332,Antonio Montero
332,Estefana Rosas
332,Neiva Márquez
332,Madre Arriaga
332,Belinda Henríquez
332,Aurelia Villareal
332,Kesare Rivas
332,Juandalynn Raya
332,Carleigha Veliz
332,Susana Porras
332,Iliana Corral
332,Godalupe Gastelum
332,Katia Escalante
332,Ernesta Arroyo
332,Dorbeta Barrios
332,Tobias Cordova
332,Clodovea Madera
332,Soledada Terrazas
332,Irune Cordero
332,Perfecta Muro
332,Natanael Lucio
332,Mallorie Valencia
332,Cisco Mayonga
332,Deikun Limón
332,Mirabel Toledo
333,Chamayra Prieto
333,Lalo Galindo
333,Alejandro Zarate
333,Rica Ferrer
333,Cari Crespo
333,Jerardo Elizondo
333,Irune Ballesteros
333,Eleadora Santillán
333,Clarisa Velázquez
333,Fraco Dueñas
333,Vicente Feliciano
333,Isabella Muro
333,Liliana Vaca
333,Angelo Tamayo
333,Norberto Jaimes
333,Elina Pizarro
333,Danilo Saldivar
333,Carletta Cortez
333,Desideria Alanis
333,Idurre Gamez
333,Jomayra Montemayor
333,Elvira Heredia
333,Lucrecia Carrero
333,Matias Figueroa
333,Cirilo Rangel
333,Cuartio Ponce
333,Salvador Rico
333,Saul Jiménez
333,Dantae Zaragoza
333,Esmerelda Heredia
333,Daniela Duarte
333,Estevan Prado
333,Bonifaco Ballesteros
333,Ema Tamez
333,Eva Fuentes
333,Cenobia Ledesma
336,Juanetta Hidalgo
336,Cruz Carrero
336,Jeronimo Jasso
336,Verda Pagan
336,Olademis Hidalgo
336,Yuricema Madera
336,Tia Bueno
336,Mariano Valladares
336,Nicolas Rosas
336,Chrisanne Munguia
336,Prudencia Estévez
336,Isabella Sevilla
336,Javiera Batista
336,Dionisa Otero
336,Reia Rosales
336,Salomon Alcalá
336,Macario Oquendo
336,Dominica Herrera
336,Paz Villa
336,Emanuel Madera
336,Salvatore Cardona
336,Rufo Lomeli
336,Chica Árias
336,Jeronimo Casillas
336,Casta Ferrer
336,Malia Téllez
336,Mauro Quiroz
336,Kemen Cordero
336,Raymon Hernádez
336,Curcio Barajas
336,Reynardo Cavazos
336,Geraldo Zaragoza
338,Josune Agosto
338,Ascencion Padrón
338,Natal Armijo
338,Rita Olivo
343,Palmira Agosto
343,Sabina Mendoza
343,Martinez Veliz
343,Rufio Cotto
343,Concetta Carrera
343,Chan Prado
343,Kesare Nazario
343,Casandra Vela
343,Ladonna Corrales
343,Ceria Alonso
343,Victor Hinojosa
343,Leonora Loera
343,Zandra Galarza
343,Cidro Dávila
343,Emanuel Téllez
343,Artura Sarabia
343,Pedro Sanches
345,Nicanor Mojica
345,Rayman Carrión
345,Brisia Armenta
345,Martino Camacho
345,Honoria Puente
345,Federico Cotto
345,Isabel Chavarría
345,Madre Quiñones
345,Ramona Vargas
345,Paulita Luevano
345,Juanetta Lemus
345,Liana Tórrez
345,Carmencita Portillo
346,Heriberto Gaytan
346,Cari Escalante
346,Maricella Calvillo
346,Terceira Girón
349,Noe Tamez
349,Atalaya Meza
349,Neron Trujillo
349,Elvira Mejía
349,Pepe Alonso
352,Dina Garibay
352,Carmela Velázquez
352,Immaculada Agosto
352,Crista Huerta
352,Charo Archuleta
352,Rosaline Mercado
352,Lenora Cervantes
352,Romana Marín
352,Gorane Ortega
352,Puebla Ledesma
352,Rio Caballero
363,German Cotto
363,Godofredo Ávalos
363,Lucrecia Luevano
363,Jomayra Mercado
363,Olinda Cordero
363,Delmar Beltrán
363,Lazaro Saenz
363,Louredes Guillén
363,Orquidia Longoria
363,Lluvia Ferrer
363,Yanely Pantoja
363,Alejandro Zepeda
363,Honoria Rivera
363,Eloy Girón
363,German Acevedo
363,Neiva Flores
363,Yedid Collazo
363,Godofredo Carreón
364,Rey Collado
364,Fermina Zúñiga
364,Heriberto Alva
364,Segundo Acosta
364,Constanza Tamez
364,Victorino Delgado
364,Dulce Sierra
364,Brisha Arteaga
364,Hermosa Casillas
374,Urbano Nieves
374,Marisol Cárdenas
374,Kemina Delafuente
374,Grazia Madrigal
374,Cenobia Montalvo
374,Brisia Samaniego
374,Louredes Rael
374,Socorro Lara
374,Carmencita Miramontes
374,Atalaya Garica
374,Cierra Delgado
374,Alba Espinal
374,Irene Arévalo
374,Garbine Madera
374,Xochitl Sanabria
374,Juanita Vera
374,Senona Paez
377,Jerold Linares
377,Fonda Barraza
377,Modesta Delgadillo
377,Marisa Henríquez
377,Stefano Razo
377,Arturo Armas
377,Navarro Zapata
377,Milagrosa Solórzano
377,Lareina Olivárez
377,Elvio Mata
377,Melita Vaca
377,Melisenda Navarro
377,Angelino Burgos
377,Zurine Valencia
377,Teyo Preciado
377,Landrada Comejo
377,Rufio Vasquez
377,Veto Delafuente
377,Palmira Lozada
377,Francisco Alonso
377,Frescura Gaona
377,Galeno Quintana
377,Orquidea Pérez
377,Cristofer Agosto
377,Frasco Navarro
377,Shoshana Cardona
377,Cristina Santiago
377,Rosario Adomo
377,Monaique Melgar
377,Delphia Echevarría
385,Zaneta Solórzano
385,Lobo Raya
385,Amado Gaytan
385,Lola Serrato
385,Cisco Esparza
385,Elodia Bravo
385,Chavela Miramontes
385,Esequiel Delgado
385,Cira Aparicio
385,Kiki Anaya
385,Orquidia Canales
385,Lucero Mares
385,Porfirio Pacheco
385,Ramona Brito
385,Gracia Molina
385,Emerald Maya
385,Carmelita Anguiano
385,Placida Solano
385,Estrellita Segovia
385,Erlene Camacho
390,Feliciano Collazo
390,Cesara Salcedo
390,Antonio Domínquez
390,Criston Valencia
390,Honorato Carrasquillo
390,Eleanora Cuellar
390,Judith Contreras
390,Casey Carrasquillo
390,Denisa Carbajal
390,Cyntia Armenta
391,Sabana Montalvo
391,Gracia Vasquez
391,Gaspara Téllez
391,Gabriel Parra
391,Zuleika Contreras
392,Ikerne Molina
392,Fausta Irizarry
392,JaJuan Montalvo
392,Elbertina Feliciano
392,Teresita Ozuna
392,Cipriano Mayonga
392,Calida Olivares
392,Rosalinde Rosales
392,Chico Zarate
392,Madina Sandoval
392,Pastora Acosta
392,Julian Aguayo
392,Denisa Abreu
392,Hilario Saldivar
392,Zurina Bravo
392,Erlene Barajas
392,Lela Barrera
392,Dita Archuleta
394,Manoela Segura
394,Eva-Yolanda Vargas
394,Elisa Robles
394,Marisol Tejeda
394,Arcadia Huerta
394,Mio Atencio
394,Cierra Pulido
394,Lora Quiñones
394,Victoriano Anaya
394,Constantia Santacruz
394,Jovena Rivas
394,Felicitas Reyna
394,Brissa Gonzales
394,Terceira Rosas
394,Rosalyn Cisneros
394,Yoana Ortega
394,Palmira Alonso
394,Garcia Malave
394,Casandra Rincón
394,Delmar Alba
394,Gilberto Melgar
405,Pirro Arce
405,Estelle Zúñiga
405,Honoria Abreu
405,Leira Rubio
405,Agustin Quintanilla
405,Flavio Solorio
405,Savanna Sánchez
405,Maricruz Alcalá
406,Xalvadora Tirado
406,Criston Corona
406,Jerold Espinoza
406,Nelida Ponce
406,Bienvenida Merino
406,Narcisa Sosa
406,Lupe Baeza
406,Carmencita Olivas
406,Adelio Esparza
406,Clodovea Nevarez
406,Criston Elizondo
407,Socorro Montano
407,Sebastiano Villalobos
407,Yaira Herrera
407,Terciero Angulo
407,Artemisia Saenz
407,Estevan Jáquez
414,Leon Ulloa
414,Dorinda Gallardo
414,Carleigha Barrera
414,Pirro Caldera
414,Cesaro Cervantes
414,Prospero Villagómez
416,Rosalinde Ramírez
416,Daniela Rentería
416,Kita Cantú
416,Roz Tórrez
416,Miranda Arellano
416,Edwardo Prieto
416,Diega Aguilera
416,Angelo Garibay
416,Maricelia Cintrón
416,Luiza Uribe
416,Marlina Amador
416,Estevan Orta
416,Edwardo Pulido
416,Jose Perales
416,Manoela Vela
416,Placenta Alcaraz
417,Felisa Cotto
417,Jovanna Rosado
417,Inoceneia Bonilla
417,Coco Heredia
417,Renaldo Ojeda
417,Garbine Huerta
417,Reya Hernádez
417,Brisia Espinosa
417,Cipriano Flores
417,Norma Loya
417,Lola Galvez
417,Jerrald Zúñiga
417,Jeronimo Reséndez
417,Jovita Estrada
417,Dayami Ayala
417,Casta Valdés
417,Encarnacion Ortega
417,Natanael Rivero
417,Hector Robledo
417,Andres Sotelo
417,Salvador Esquivel
417,Nicolas Ortiz
417,Yara Hurtado
417,Rai Rolón
417,Anton Delacruz
417,Lucita Bueno
417,Porfirio Barrera
417,Sonora Batista
417,Estefany Mascarenas
417,Navarro Ornelas
419,Fernando Ballesteros
419,Ines Muñoz
419,Julian Chapa
419,Mayra-Liz Cabán
419,Federico Paz
419,Marisol Olivera
419,Felipe Guillén
419,Belicia Viera
419,Federico Jiménez
419,Elvia Ibarra
419,Katia Villaseñor
419,Pablo Ríos
419,Gaspara Reynoso
419,Marcela Espinosa
421,Laurencia Gallardo
421,Gertrudis Rodrígez
421,Maritza García
421,Faustina Briseño
422,Javiero Paez
422,Deina Tórrez
422,Materia Jimínez
422,Elena Adame
422,Sein Ordóñez
422,Landa Baeza
422,Tobias Rincón
422,Chiquita Abrego
422,Juana Aguayo
422,Renato Lara
422,Lupe Pizarro
422,Gaspard Robledo
422,Ofelia Barraza
422,Felipe Manzanares
422,Julina Pantoja
422,Melosa Macías
422,Evita Orozco
423,Michaela Galván
423,Evalisse Gracia
423,Carilla Echevarría
423,Anastasio Suárez
423,Geavonna Sánchez
423,Estefani Rojas
423,Enriqua Carrasco
423,Yaneisy Negrete
423,Salomon Pagan
423,Crotilda Casillas
423,Nestor Borrego
423,Oihane Carrasco
423,Consuelo Arredondo
423,Nicanora Laboy
423,Xiomarys Pulido
423,Solana Badillo
423,Carlos Pacheco
423,Honoratas Barela
423,Leonora Parra
423,Presta Menchaca
423,Jordana Acuna
423,Senalda Pineda
423,Sabina Cadena
425,Madre Pagan
425,Izazkun Arana
425,Yaineris Cedillo
425,Bonita Madrid
425,Damita Guerra
426,Juliana Rivas
426,Buena Griego
426,Victorino Carrera
426,Romana Mejía
426,Gregorio Carreón
426,Vincente Ulloa
426,Denisa Galarza
426,Dalila Muñoz
426,Senalda Aparicio
426,Constantia Barragán
426,Palben Ortega
426,Cipriano Hernández
426,Lolita Leyva
426,Nekane Pichardo
426,Josue Raya
426,Calida Canales
426,LaCienega Prado
426,Luvenia Hernádez
427,Evarado Paez
427,Cesaro Zambrano
427,Estebana Domínquez
427,Alano Deanda
427,Manuela Arriaga
427,Nailea Gastelum
427,Freira Girón
427,Mariano Abeyta
427,Adelio Negrete
427,Carlota Zarate
430,Carla Chapa
430,Mateo Osorio
430,Maricella Delgado
430,Porfirio Saenz
430,Marco Feliciano
434,Taurino Mena
434,Xalbadora Sotelo
434,Lolitta Mojica
434,Jax Saldivar
434,Renaldo Tejeda
434,Alberto Orta
434,Estefania Calvillo
434,Dora Carrero
434,Richie Gamez
434,Lucio Riojas
434,Monica Palomino
434,Elsa Terán
434,Edenia Cabrera
434,Mariquita Manzanares
434,Marco Vázquez
434,Erlina Limón
434,Loretta Pena
434,Ciro Jaime
434,Ladonna Anguiano
434,Lilia Sánchez
434,Gezana Guillén
434,Juandalynn Valles
434,Florita Valle
434,Rosemarie Burgos
434,Geavonna Naranjo
439,Camila Cintrón
439,Lorda Ozuna
439,Tabor Valdivia
439,Loleta Luna
439,Claudia Carmona
439,Bembe Almonte
439,Verdad Benavides
439,Ikerne Olivárez
439,Jovina Jimínez
439,Francisco Marroquín
439,Beinvenido Urbina
440,Dukine Galindo
440,Rio Villa
440,Celesta Sanches
440,Nelida Hurtado
440,Nerita Gaona
446,Aurelio Casanova
446,Yaineris Comejo
446,Fabio Galvez
446,Armanda Amaya
446,Gaspar Madrid
446,Anastasio Quiroz
446,Inocenta Muro
446,Felisa Regalado
446,Louredes Urías
450,Louredes Haro
450,Estela Lara
450,Ricardo Becerra
450,Corazana Castro
450,Fernando Acosta
450,Gala Pedroza
450,Ricarda Viera
450,Graciela Godoy
450,Silvia Fonseca
450,Honoratas Acosta
450,Santos Nino
451,Zita Lozano
451,Mauro Gil
451,Valentin Atencio
451,Arnoldo Polanco
451,Hermosa Rangel
451,Grazia Posada
451,Frisco Regalado
451,Primavera Cruz
451,Demario Sotelo
451,Drina 	Duena Ocampo
451,Casimiro Manzanares
451,Richie Valentín
451,Vionaika Mejía
456,Justino Delafuente
456,Jovanna Montenegro
456,Daria Tello
456,Cuarto Miranda
456,Lobo Murillo
456,Manuela Tapia
456,Salvadore Franco
456,Garaitz Almanza
456,Cesario Sandoval
456,Ella Beltrán
456,Clodovea Rosario
456,Angelo Sisneros
456,Raymon Méndez
456,Carilla Franco
459,Letitia Rosas
459,Celesta Lemus
459,Tabor Yáñez
459,Tito Benavides
459,Godalupe Pineda
459,Yuricema Méndez
459,Roz Fernández
459,Placida Valle
459,Digna Deanda
459,Fernando Melgar
459,Silvino Tejeda
459,Brigidia Rodríguez
459,Jovita Toro
459,Desideria Quintero
459,Letitia Riojas
459,Nerea Munguia
459,Frisco Velez
459,Edwardo Mercado
459,Silvia Guevara
459,Maricela Paredes
459,Rico Negrón
459,Turi Franco
459,Orlan Colón
459,Mallorie Fernández
459,Porfirio Sevilla
459,Desideria Pina
459,Bartoli Villagómez
459,Arturo Sauceda
459,Suzelly Torres
460,Orlondo Amaya
460,Gabriel Tamayo
460,Lalia Saldivar
460,Paloma Salcido
460,Janisa Beltrán
460,Chan Orosco
460,Javiero Esquibel
460,Estefany Montanez
460,Senon Pabón
460,Elvera Villareal
460,Vicenta Rivero
460,Feo Delafuente
460,Pasha Luevano
460,Isabela Centeno
460,Eduardo Catalano
460,Jesus Vidro
460,Dulcinia Peres
463,Renato Ramírez
463,Elvio Pedraza
463,Zaneta Loera
463,Faqueza Miranda
463,Waleska Vallejo
463,Cedro Acevedo
463,Chiquita Meléndez
463,Anton Granado
463,Landrada Lara
463,Freira Solís
463,Osana Mireles
463,Grazia Sierra
463,Bertha Archuleta
463,Carletta Preciado
463,Corazana Chavarría
463,Veronica Almanza
463,Marisa Gaitán
463,Gustavo Iglesias
463,Rai Alva
463,Belita Guzmán
463,Emilie Esquivel
463,Faro Valdivia
463,Madeira Olivera
463,Estevan Collado
463,Purisima Tirado
464,Esma Verdugo
464,Estevan Malave
464,Seina Osorio
464,Ramon Ávila
464,Delcine Malave
464,Lalla Espinoza
464,Florida Tafoya
464,Brandye Cisneros
464,Dulcinea Carvajal
464,Brisha Valencia
464,Maricelia Espinoza
464,Dalila Posada
464,Heriberto Aparicio
464,Dante Baeza
464,Estelita Velázquez
464,Montay Salas
464,Lora Aguilar
464,Iluminada Delacruz
464,Fabio Jáquez
464,Lalia Figueroa
464,Buena Sotelo
464,Armando Herrera
464,Deina Cervantes
464,Atalaya Ochoa
464,Tejano Olivo
464,Belita Ceja
466,Marelys Ornelas
466,Anselmo Galvez
466,Pasqual Delapaz
466,Chrysann Dejesús
466,Natividad Carranza
467,Cesario Borrego
467,Xaviera Delagarza
467,Ofelia Matías
467,Reia Maestas
467,Onofre Bustamante
476,Frescura Salgado
476,Esteva Cordova
476,Joaquina Villalpando
476,Patricia Banda
476,Quito Vela
476,Segundo Rojo
476,Gezane Gurule
476,Cristoval Naranjo
476,Adan Escobar
476,Madeira Girón
476,Elija Preciado
476,Delcine Banda
476,Bernardo Casas
476,Delphia Lovato
476,Garaitz Camarillo
476,Fidelia Tello
476,Cristina Dueñas
476,Danita Ordóñez
476,Quin García
476,Jimena Tapia
476,Victorino Prieto
476,Marcos Valdés
480,Ileanna Zambrano
480,Naiara Escobedo
480,Kemen Vargas
480,Javiero Rendón
480,Madrona Batista
481,Juanito Salcido
481,Tejano Pena
481,Madeira Delafuente
481,Norma Casanova
481,Elia Delrío
481,Fonda Banda
481,Patricio 	Patrido Razo
481,Demario Puente
481,Angelo Zúñiga
481,Elvira Corrales
481,Roz Veliz
481,Vicenta Feliciano
481,Felicita Otero
481,Carmela Alcalá
481,Rosa Gamez
481,Gaspar Barela
481,Carmelita Marín
481,Daniela Salazar
481,Carletta Grijalva
481,Bartolome Valadez
481,Quinto Ozuna
481,Martinez Garica
481,Ciceron Tafoya
481,Macario Miramontes
481,Estefana Lozada
487,Maritza Argüello
487,Tabora Melgar
487,Brisia Jiménez
487,Fernando Arriaga
487,Rosario Viera
498,Bonifaco Estrada
498,Iliana 	Jairo Orta
498,Candi Arenas
498,Modesta Altamirano
498,Paco Quiñones
499,Kiki Pacheco
499,Rica Cervántez
499,Asuncion Moreno
499,Honorato Ybarra
499,Yelina Collado
499,Jovita Marroquín
499,Roberto Pabón
499,Lucila Grijalva
499,Lucero Veliz
499,Ivelisse Valencia
499,Desideria Delarosa
499,Arella Irizarry
499,Tadeo Marín
499,Roque Robles
499,Armanda Lugo
499,Yuricema Solórzano
499,Ascencion Flórez
501,Gervasio Granados
501,Dia Cardona
501,Letitia Malave
501,Roldana Díaz
501,Gechina Fernández
501,Salvadora Orellana
503,Eldora Tafoya
503,Federico Alfaro
503,Felicitas Casárez
503,Artura Granados
503,Crista Macías
503,Leonel Serrato
503,Luella Delarosa
503,Morisa Mendoza
503,Zanita Lemus
503,Matias Saldivar
503,Placido Castaneda
503,Tomas Gaitán
503,Paciencia Rivas
507,Consuelo Muro
507,Reyes Camarillo
507,Andres Guevara
507,Primeiro González
507,Neta Deanda
507,Tia Loera
507,Natal Partida
507,Jaione Echevarría
507,Monaique Alonzo
507,Consuelo Baeza
507,Jerold Casanova
507,Eneas Barrios
507,Brissa Medrano
507,Crista Navarro
507,Marietta Armendáriz
507,Leopoldo Lebrón
507,Estrella Arriaga
507,Pedra Rendón
515,Paquita Chávez
515,Karelma Maestas
515,Charo Espino
515,Antonio Pena
515,Reina Domínguez
515,Clodoveo Zepeda
515,Esteban Guzmán
515,Monica Téllez
515,Bartolo Leal
515,Filipa Figueroa
515,Nelida Zambrano
515,Gaspar Delatorre
515,Damita Meléndez
515,Idurre Marín
518,Montrel García
518,Victoriano Cisneros
518,Shoshana Delafuente
518,Belgis Palomo
518,Enriqueta Peres
518,Ascencion Paz
518,Rayman Villagómez
518,Francisco Najera
518,Eleadora Núñez
518,Madelynn Tello
518,Marelys Esquivel
518,Efrain Amador
518,Madalena Valle
518,Senona Serrano
518,Fermin Vázquez
518,Raulo Candelaria
518,Marisol Reséndez
518,Grazia Benítez
518,Celesta Soria
520,Judith Barragán
520,Luella Mares
520,Roano Aparicio
520,Magdalen Pacheco
520,Honoratas Narváez
520,Demario Arroyo
520,Flor Rodrígez
520,Alvar Vargas
520,Eloy Olivárez
520,Celerina Bañuelos
520,Niguel Noriega
520,Anbessa Benavides
520,Graciela Perales
520,Xenia Beltrán
521,Ciri Álvarez
521,Armena Morales
521,Morisa Robles
521,Dorbeta Cantú
521,Elvia Jiménez
521,Bonifacio Soto
521,Katia Barragán
521,Michelle Arteaga
521,Molara Ávalos
521,Nautica Carbajal
521,Armena Rivero
521,Fonda Bernal
521,Concetta Peralta
521,Rufa Jurado
521,Pueblo Benítez
521,Daniela Olivera
521,Rufina Laboy
521,Alejandro Varela
521,Aurelia Núñez
521,Blanca Arreola
521,Mariana Ulibarri
521,Andreo Escalante
521,Hidalgo Quiñones
521,Estefani Cadena
521,Devera Zapata
521,Zanetta Uribe
521,Placida Montemayor
521,Roja Alonso
521,Cristofor Ordóñez
521,Saturnin Lara
521,Generosb Pichardo
523,Tomas Lozano
523,Nemesio Ocampo
523,Gotzone Bueno
523,Sonora Haro
523,Pura Sanabria
523,Nelida Caballero
523,Aurelio Vergara
523,Valentina Herrera
523,Xiomarys Guardado
523,Virginia Montés
523,Zurine Chavarría
523,Vittoria Lozada
523,Santo Carreón
523,Lolita Cervántez
523,Ronaldo Sevilla
523,Lora Guillén
523,Iluminada Terán
527,Fernando Pulido
527,Heriberto Narváez
527,Roderiga Gaytan
527,Reia Olmos
527,Rafe Zapata
527,Salvador Dejesús
527,Esma Pizarro
527,Madina Hurtado
527,Leya Enríquez
527,Ginessa Vargas
527,Yanely Arteaga
527,Landrada Quiroz
527,Mayra-Liz Tello
527,Nana Granados
527,Salbatora Concepción
527,Joaquina Vallejo
533,Mauro Valadez
533,Renaldo Zepeda
533,Bembe Paez
533,Cris Cedillo
533,Ciceron Gastelum
533,Nicanora Ruiz
533,Galena Malave
533,Guanina Tijerina
533,Montrelle Enríquez
533,Juliano Hidalgo
533,Leahonia Palomino
538,Olivia Apodaca
538,Fidel Alba
538,Placido Almaraz
538,Damian Luevano
538,Orlando Prieto
538,Cecilia Urrútia
538,Fidelia Henríquez
538,Victorino Deleón
538,Zumac Aparicio
538,Honoria Miranda
538,Enriqua Ballesteros
538,Honoratas Garica
538,Luvina Corona
538,Aluino Mireles
538,Olinda Zaragoza
538,Zarita Barragán
538,Yumaris Tafoya
538,Frisco Bernal
538,Clarisa Rico
541,Salma Sierra
541,Joaquin Guillén
541,Serafin Almonte
541,Dulcinea Luevano
541,Curro Vega
541,Evita Parra
541,Xiomara Medrano
541,Martin Mota
541,Nina Holguín
541,Coleta Moreno
541,Leahonia Gracia
541,Carleigha Sanches
541,Constantia Vasquez
543,Izarre Navarro
543,Franco Aparicio
543,Lela Ávalos
543,Jerold Ulloa
543,Montae Camacho
543,Berenice Gaitán
543,Federico Collazo
543,Tranquilla Ramos
543,Frascuelo Ruvalcaba
543,Pedro Guerra
543,Solymar Leiva
543,Letitia Villareal
543,Yanely Collado
543,Cristiano Duran
543,Neto Esquivel
543,Rogelio Osorio
543,Hernan Chacón
546,Socorro Escobar
546,Fabio Regalado
546,Milagrosa Hidalgo
546,Roman Canales
546,Curro Ramírez
546,Andreo Iglesias
546,Montenegro Corral
546,Gertrudes Beltrán
546,Nalda Meléndez
546,Gezana Amador
546,Naldo Castillo
546,Emerald Cintrón
546,Luz Bermúdez
546,Yizel Palomo
546,Xaviera Estévez
546,Virgilio Acevedo
546,Nita Vázquez
546,Charo Solórzano
546,Elia Lugo
546,Grizelda Monroy
546,Bonifaco Esparza
546,Rafael Salinas
546,Crotilda León
546,Lucita Baez
546,Fortuna Limón
547,Anibal Banda
547,Earlina Heredia
547,Celerina Rangel
547,Macario Velez
547,Arella Tijerina
547,Candida Alemán
547,Estela Lerma
547,Mayra-Liz Cadena
547,Leonel Menéndez
547,Loleta Barrios
547,Laurana Delvalle
547,Liliana Escobedo
547,Brigidia Reynoso
547,Naldo Mora
547,Izarra Santana
548,Cesario Arredondo
548,Cierra Fernández
548,Juandalynn Amaya
548,Salomon Barrios
548,Romano Vela
548,Lucila Balderas
548,Montrell Padrón
548,Carmencita Cazares
548,Mayra-Liz Farías
548,Vicente Cabán
548,Sevilla Orta
548,Dacio Veliz
548,Mayra-Liz Ruvalcaba
548,Nicanor Cedillo
548,Lalia Méndez
548,Xalvadora Dejesús
548,Zuleika Ortiz
548,Manolo Muñiz
548,Blanca Ibarra
548,Landa Carranza
548,Anastasio Rincón
548,Alarico Pacheco
548,Sarita Saavedra
550,Bartolo Sosa
550,Yanamaria Galindo
550,Amado Robledo
550,Rosalinde Reyes
550,Savannah Villanueva
550,Enzo Palomo
550,Gillermo Villaseñor
550,Damita Ortega
550,Casey Manzanares
550,Ruben Rico
550,Crotilda Laboy
550,Alvar Reynoso
550,Tomas Ojeda
550,Cruz Montenegro
550,Idoia Carmona
553,Aura Solís
553,Pura Escalante
553,Madeira Roldán
553,Rafael Garay
553,Catalina Carranza
553,Ginessa Valladares
553,Teresa Luevano
553,Eugenio Aguilar
553,Santo Urena
553,Francisca Zayas
553,Enriqueta Montanez
553,Juanito Tejada
553,Raimundo Batista
553,Isidora Centeno
553,Lupe Jaramillo
553,Sarita Villaseñor
553,Beatriz Cantú
553,Hilario Baeza
553,Sonora Rosario
553,Guillermo Rodrígez
553,Yesenia Franco
562,Marisa Tamez
562,Jesenia Samaniego
562,Terciero Hurtado
562,Dukine Sarabia
562,Montrelle Beltrán
562,Usoa Bustamante
562,Salbatora Longoria
562,Pedro Gallegos
562,Pirro Téllez
562,Efrain Palomo
562,Laurana Blanco
562,Kasandra Ontiveros
562,Dorinda Samaniego
562,Carlomagno Cruz
562,Clareta Rojas
562,Shoshana Rivas
562,Delmar Zamora
562,Kita Esquibel
562,Belinda Preciado
562,Lur Palacios
562,Brisia Escobar
562,Bernardo Otero
562,Ceri Salinas
562,Hortencia Zayas
569,Emanuel Jurado
569,Marisol Becerra
569,Lolitta Ceja
569,Edenia Arévalo
569,Heriberto Delrío
569,Raul Dávila
569,Silvia Terrazas
569,Patricia Zelaya
569,Calvino Romero
569,Iliana Leal
569,Nicanor Lozano
569,Kesara Casanova
569,Damita Rocha
569,Ramone Casillas
569,Valentina Leal
569,Lera Lucero
569,Jimena Pizarro
569,Orlan Chacón
569,Roano Pagan
569,Chrisanna Franco
569,Yanely Rascón
571,Osana Jurado
571,Madena Rosas
571,Arcelia Casares
571,Rufa Garay
571,Fausta Rincón
571,Brisia Uribe
571,Cionnaye Balderas
571,Gabriella Valencia
571,Idalyz Lira
571,Emanuel Villegas
571,Legarre Razo
571,Verdad Gonzales
571,Silvia Borrego
571,Ronaldo Collado
571,Mano Negrón
571,Cisco Pina
574,Veronica Alcalá
574,Socorro Barrera
574,Saturnina Murillo
574,Marisa Bermúdez
574,Iliana 	Jairo Ávila
574,Grazia Noriega
574,Jorge Casillas
574,Ascencion Venegas
574,Aurkene Alfaro
574,Roldana Valdés
574,Bartoli Árias
576,Enriqua Lomeli
576,Florida Guzmán
576,Cruz Otero
576,Beatriz Carrión
576,Cruz Valladares
576,Alanzo Gastelum
576,Eugenio Barajas
576,Rafe Escalante
576,Patricio 	Patrido León
576,Timo Leiva
576,Cesario Alcaraz
576,Lia Jaramillo
576,Lalia Centeno
576,Angelito Salazar
576,Fernando Valles
576,Chano González
581,Rodolfo Roybal
581,Delmar Montenegro
581,Emily Adomo
581,Florinio Cortés
581,Gustavo Segura
581,Corazon Valle
581,Izarra Rincón
581,Ora Macías
581,Ezmeralda Valdés
581,Garaitz Caballero
581,Alarico Sosa
581,Victoro Bustamante
581,Laurita Nava
581,Juanito Iglesias
581,Genevalisse Rosario
581,Aureliano Barrera
582,Athalia Ferrer
582,Macerio Duarte
582,Pia Paez
582,Nelida Betancourt
582,Nelida Manzanares
585,Maribel Betancourt
585,Beinvenido Almanza
585,Ula Alcalá
585,Leopoldo Burgos
585,Rico Santillán
585,Arcadia Ceballos
585,Madelynn Armijo
585,Anton Rosado
585,Eneas Saucedo
585,Dinora Navarrete
585,Chan Lucero
585,Aquilino García
585,Damian Medina
587,Liliana Saldivar
587,Belicia Aragón
587,Felicita Ruelas
587,Lia Segovia
587,Jesenia Vaca
587,Candie Marrero
587,Ileanna Polanco
587,Pascual Polanco
587,Gertrudis Linares
587,Felicitas Zamora
587,Julina Marrero
587,Delphia Lovato
587,Reya Olvera
587,Berto Huerta
587,Marcos Sánchez
587,Fidelia Padrón
587,Salbatora Arreola
587,Asianah Carvajal
587,Carmencita Cruz
591,Erasmo Almaraz
591,Elvia Magana
591,Ivette Sotelo
591,Liana Mejía
591,Idurre Nazario
591,Lea Meraz
591,Alba Ulloa
591,Dionis Pena
591,Carlita Grijalva
591,Pablo Zayas
591,Cristobal Casanova
591,Enzo Gómez
591,Fraco Deleón
591,Amadeo Lira
591,Ramone Cisneros
591,Raulo Mayonga
591,Yelina Laboy
591,Pancho Heredia
591,Guadalupe Juárez
592,Adelio Chapa
592,Jovita Cantú
592,Aurkene Casárez
592,Gustava Guerrero
592,Raina Esparza
592,Solymar Garibay
592,Reyna Hinojosa
592,Pascual Aragón
592,Macerio Alonso
592,Santos Narváez
592,Felisa Delacruz
592,Isabel Brito
592,Porfiro Quintanilla
592,Blanca Girón
592,Zurina Iglesias
602,Laurencia Aguilar
602,Frascuelo Alvarado
602,Ginessa Mercado
602,Dorinda Pizarro
602,Aricela Escalante
602,Oliverio Feliciano
602,Solymar Pizarro
602,Arlo Veliz
602,Consuelo Ochoa
602,Dantae Tamayo
602,Leonora Garza
602,Isidora Samaniego
602,Montrelle Bahena
602,Elvera Mireles
602,Calvina Montenegro
602,Zuleika Escalante
602,Ascencion Guajardo
602,Benigna Alemán
602,Kemen Lucio
602,Criston Rincón
602,Gervaso García
602,Gabino Zambrano
602,Chiquita Vigil
602,Nesto Echevarría
602,Suzelly Paredes
604,Agustin Patino
604,Chayo Valverde
604,Alonso Alva
604,Hernando Rodarte
604,Alano Santiago
606,Pureza Ballesteros
606,Thalia Meraz
606,Alvaro Alvarado
606,Placenta Ruelas
607,Pacho Baca
607,Bonifacio Camacho
607,Iago Gurule
607,Rafael Linares
607,Salomon Argüello
611,Madia Serna
611,Gervasio Abeyta
611,Everardo Puente
611,Luz Santiago
611,Isabela Sevilla
611,Cris Becerra
611,Bibiana Partida
611,Carlotta Arellano
611,Joselito Parra
611,Guadalupe Carrera
611,Roque Villalpando
611,Juanita Alemán
611,Osana Acevedo
611,Yonaidys Sanabria
611,Naldo Gutiérrez
611,Nina Collazo
611,Dulce Saucedo
611,Bernardo Galarza
611,Conshita Zepeda
611,Yaneisy Dejesús
611,Saturnina Fonseca
611,German Rivero
611,Francisco Adomo
611,Norma Girón
611,Florentina Rivas
611,Earlene Heredia
611,Placido Olivera
611,Xalbadora Mejía
611,Calvino Téllez
611,Socorro Tórrez
611,Landrada Limón
614,Dolores Galindo
614,Gorane Núñez
614,Salvino Cazares
614,Regina Montero
614,Katia Griego
614,Pepe Tórrez
614,Brisa Alániz
614,Engracia Ramón
614,Sabana Roldán
614,Leonides Vallejo
614,Gabrio Cuellar
614,Berta Deleón
614,Manuel Paredes
618,Aricela Sotelo
618,Llesenia Olivárez
618,Eneas Estrada
618,Mateo Lucio
618,Sol Linares
618,Salvatore Carrión
618,Dantel Saenz
618,Carlos Quintanilla
618,Montae Quintana
618,Elena Valenzuela
618,Damian Betancourt
618,Savanna Becerra
619,Destina Bustos
619,Turi Alonzo
619,Ora Gutiérrez
619,Benita Laboy
619,Montez Alcantar
619,Xenia Ballesteros
619,Bernicia Alonso
619,Lalo Armijo
619,Roana Archuleta
619,Cid Pichardo
619,Nevada Armas
619,Maricel Pena
619,Maite Duran
624,Jade Sanabria
624,Garbine Barraza
624,Exaltacion Velasco
624,Alvaro Cordova
624,Magalys Mendoza
624,Guanina Navarro
624,Isabella Aranda
624,Quinta Fierro
624,Casey Nieves
624,Godofredo Ledesma
624,Serafin Elizondo
624,Natanael Monroy
624,Nekane Delvalle
624,Heriberto Lerma
624,Jerrald Gurule
625,Quin Guzmán
625,Estrella Gurule
625,Garbine Díaz
625,Sancho Laureano
625,Casey Armendáriz
625,Teresita Quintana
625,Juanisha Sanabria
625,Lucila Grijalva
625,Lourdes Alva
625,Paloma Pina
625,Lonzo Pulido
625,Salbatora Uribe
625,Joaquina Ornelas
625,Primavera Pulido
625,Reyna Salcido
625,Elisa Laboy
625,Sierra Puga
625,Dita Calvillo
629,Santo Lebrón
629,Luis Cortés
629,Geavonna Esquivel
629,Bartoli Posada
629,Inocencia Rivera
629,Zaneta Zambrano
629,Raquel Soria
629,Valentin Leiva
629,Nerea Manzanares
629,Solana Garrido
629,Gaspara Elizondo
629,Kita Ávalos
629,Placenta Arriaga
629,Juan Anguiano
629,Casta Zapata
629,Nelia Lomeli
629,Llesenia Arce
629,Godalupe Mireles
629,Frescura Gómez
631,Ursulina Zamora
631,Estralita Barela
631,Artemisia Pizarro
631,Chrisanna Ojeda
631,Madalynn Cortés
631,Archibaldo Ulibarri
631,Heriberto Miramontes
631,Teodoro Viera
631,Agustin Granados
631,Jeremias Matos
631,Estefana Soliz
631,Emanuel Angulo
631,Cassandra Noriega
631,Rogelio Dejesús
631,Rosamaria Prieto
631,Guanina Casanova
631,Monita Vigil
631,Cedro Urías
631,Manolito Segura
631,Consolacion Barrera
631,Agustin Briones
631,Casta Ornelas
631,Morissa Sánchez
631,Yadra Cisneros
631,Ceria Abrego
631,Odanda Zambrano
631,Florentina Tórrez
633,Lur Bermúdez
633,Ursulina Tejeda
633,Landa Vega
633,Clodovea Ortega
633,Montez Pantoja
633,Xenia Márquez
633,Delcine Nieto
633,Teodora Rolón
633,Marisa Domínguez
633,Miranda Montano
633,Richie Miramontes
633,Thaimy Núñez
633,Jerold Posada
633,Mariana Lucio
633,Hector Benavides
633,Pacho Delatorre
633,Leonides Ulibarri
635,Toli Hernandes
635,Malia Cervántez
635,Leonel Carranza
635,Frasco Orozco
635,Curro Moreno
635,Erlene Montoya
635,Kita Meraz
635,Jomayra Rendón
635,Emily Escamilla
635,Hector Paez
635,Aurelio Garibay
635,Izazkun Carrasco
635,Ora Gonzales
635,Lupita Sedillo
635,Milagrosa Avilés
635,Yelina Gómez
635,Oliveria Tamez
635,Maricelia Mondragón
635,Raimunda Bustamante
635,Hernan Amaya
635,Juana Ríos
635,Chrisanne Noriega
635,Manolo Cerda
635,Gregoria Soto
635,Rosemarie Ornelas
635,Nestor Riojas
635,Chiquita Mata
635,Sara Archuleta
635,Bryssa Caraballo
635,Estefany Lemus
636,Belinda Roldán
636,Imelda Mora
636,Reya Terán
636,Dantel Toro
638,Atalaya Contreras
638,Regina Puga
638,Ezequiel Perea
638,Ezmeralda Cerda
638,Henriqua Serrano
638,Blanca Prieto
638,Vanesa Mata
638,Natal Linares
638,Rico Armas
638,Ricarda Urrútia
638,Carlotta Godínez
638,Garabine Saucedo
638,Pepita Crespo
638,Esteban Trejo
638,Crisanna Arteaga
640,Anibal Delvalle
640,Mano Duran
640,Victoro Avilés
640,Lalia Portillo
640,Fidele Holguín
640,Louredes Preciado
640,Aureliana Soto
640,Gabriel Solorio
640,Puebla Fierro
640,Aurelius Bañuelos
640,Ofelia Paz
640,Lucila Olivera
640,Dina Rosario
640,Yashira Covarrubias
640,Adriano Rincón
640,Paulita Jáquez
640,Valencia Godoy
640,Geraldo Orta
640,Matia Ferrer
659,Marco Jaimes
659,Thaimy Holguín
659,Carminda Jaime
659,Denisa Delrío
659,Urbano Aparicio
659,Levina Delafuente
659,Jerrold Cordero
659,Viridiana Padrón
659,Alberto Mascarenas
659,Devera Apodaca
659,Grazia Collazo
659,Teresita Alfaro
659,Neva Jáquez
659,Brisha Chavarría
659,Magalys Betancourt
659,Ovidio Duran
661,Elena Cotto
661,Lur Saldivar
661,Mireya Lerma
661,Delfina Sisneros
661,Erendira Barrios
661,Yesenia Salcido
661,Lupe Velasco
661,Efrain Nino
661,Alfredo Téllez
661,Julio Carvajal
661,Igone Aguilar
661,Dora Fuentes
661,Leonardo Lemus
661,Garaitz Santiago
661,Alanzo Vallejo
661,Geraldo Llarnas
661,Monaique Enríquez
661,Ventura Madrigal
661,Paulita Lebrón
661,Tajo Gamboa
663,Emerald Barreto
663,Victoriano Cerda
663,Nekana Romo
663,Delmara Mojica
663,Teresita Santacruz
663,RosIyn Barrera
663,Tomas Benítez
663,Armanda Tello
663,Reyna Burgos
663,Thaimy Godoy
663,Blas Matos
663,Rico Ybarra
663,Javiero Madrid
663,Frederico Leyva
663,Migdalia Jimínez
663,Joaquina Trejo
663,Adriano Villalobos
664,Tranquilla Regalado
664,Enriqua Reynoso
664,Felicitas Navarro
664,Sevilla Lozano
664,Damario Baeza
664,Louredes Prieto
664,Karelma Borrego
664,Aurelia Garza
664,Oihane Montoya
664,Concetta Alejandro
664,Xevera Angulo
664,Regina Lozada
664,Pia Villanueva
664,Flaca Valverde
664,Lisandro Alonzo
664,Ema Iglesias
664,Brisia Muro
664,Chiquita Mota
667,Quin Granado
667,Tranquilla Gil
667,Raulo Barragán
667,Sevilla Godínez
667,Luisa Rivera
667,Olademis Espinosa
667,Eduardo Guzmán
667,Faustina Sisneros
667,Roano Berrios
667,Denisa Maestas
667,Marisa Enríquez
667,Olinda Sanabria
667,Eneas Ulibarri
667,Immaculada Cavazos
667,Aquila Villegas
667,Cristine Reynoso
667,Virgilio Uribe
667,Quinta Pena
667,Nesto Mata
667,Jerrald Cabán
667,Carlos Borrego
667,Isi Olivo
667,Feo Duran
667,Luisa Hinojosa
667,Yanamaria Nieto
667,Calvino Cano
667,Geraldo Serrano
667,Nesto Corral
668,Toro Rangel
668,Carmencita Tovar
668,Fidel Cervantes
668,Gaspard Carrión
668,Loleta Villa
668,Kemena Palomino
668,Gertrudis Venegas
668,Iratze Sevilla
668,Pancho Lebrón
668,Telma Archuleta
668,Esma Angulo
668,Beltran Correa
668,Mendi Vera
668,Consuela Ybarra
668,Miranda Ferrer
668,Dionis Torres
668,Lobo Palomino
669,Yaineris Ferrer
669,Laline Alcalá
669,Macerio Dávila
669,Fidel Rivas
669,Maria Vega
669,Digna Calvillo
669,Kasandra Farías
669,Roana Cervantes
669,Teo Montanez
669,Pilar Lebrón
669,Kesara Concepción
669,Christina Dueñas
675,Estela Rael
675,Gertrudes Fuentes
675,Belen Segovia
675,Zanetta Meza
675,Carlotta Solórzano
675,Floramaria Estrada
678,Galeno Fuentes
678,Calandria Vigil
678,Marilu Armijo
678,Dinora Salcido
678,Faqueza Beltrán
678,Carola Fierro
678,Stefano Cepeda
678,Orlondo Concepción
678,Arcelia Domínquez
678,Eugenio Tamayo
678,Cristobal Díaz
678,Rosalyn Varela
678,Garcia Zarate
678,Tonio Aparicio
678,Bembe Quesada
678,Laurinda Rangel
678,Arcelia Urías
678,Modeste Domínquez
678,Beltran Trejo
679,Karelma Samaniego
679,Xalbadora Barrientos
679,Charo Galván
679,Nevada Juárez
680,Francisco Batista
680,Vincente Sanabria
680,Nevada Bustamante
680,Stefano Altamirano
680,Ramon Quintero
680,Galtero Esquibel
680,Lali Ibarra
680,Asianah Cantú
680,Christina Crespo
680,Rodolfo Santacruz
680,Modesta Lucero
680,Lareina Mesa
680,Rosa Baca
680,Modeste Olivo
680,Eleanora Guajardo
680,Emily Holguín
680,Blasa Haro
680,Virgilio Bueno
680,Lazaro Berrios
682,Gregoria Quesada
682,Florinio Benavidez
682,Carona Contreras
682,Lupita Correa
682,Nicanor Vela
682,Madalena Chacón
682,Lucita Quesada
682,Nautica Leyva
682,Pastora Espinosa
682,Manolo Rael
682,Ezmeralda Briones
682,Daniela Aparicio
682,Matia Trujillo
682,Rufo Hidalgo
683,Cristiano Puga
683,Pueblo Riojas
683,Teo Ramos
683,Dona Olivo
683,Reno Luján
691,Rosario Chacón
691,Taurino Duarte
691,Idoia Ceja
691,Catalina Cordero
691,Blasa Carreón
691,Consuelo Espinal
691,Moises Camacho
691,Lazaro Perea
691,Carlita Romo
691,Sabina Veliz
691,Pura Lira
691,Ignazio Mares
691,Celestina Arana
691,Salbatore Barreto
691,Nina Armijo
691,Levina Monroy
691,Carmela Correa
691,Amadeo Bañuelos
691,Delphia Serrano
694,Casey Martínez
694,Saturnin Vallejo
694,Ignazio Espinoza
694,Prospero Aranda
694,Niguel Nazario
694,Chan Barrientos
694,Ricarda Covarrubias
694,Martin Rendón
694,Dionis Vigil
694,Amoldo Galarza
694,Nautica Espino
694,Elvio Zúñiga
694,Jasone Velásquez
694,Oihane Palacios
694,Lobo Cordero
694,Janisa Ozuna
695,Galenia Olivas
695,Florentina Urías
695,Landrada Almanza
695,Chela Marroquín
695,Laurana Hernández
695,Ines Esquivel
695,Salvador Porras
695,Sara Garica
695,Jaione Cárdenas
695,Gaspard Jimínez
695,Alba Beltrán
695,Pepe Zapata
695,Fanuco Verdugo
695,Jovita Espinal
695,Aurelia Cordero
699,Gitana Ibarra
699,Pedro Cedillo
699,Camila Alejandro
699,Eloy Mireles
699,Xalbadora Fuentes
699,Carmen Carranza
699,Ceria Baeza
699,Emerald Centeno
699,Federico Alonzo
699,Marta Ozuna
700,Arturo Sierra
700,Pueblo Corral
700,Alvaro Rodarte
700,Liliana Duran
701,Elia Guajardo
701,Estevan Orellana
701,Nevada Castellanos
701,Landa Guerrero
701,Mariano Macías
701,Santiago Zavala
701,Francisca Carrasquillo
701,Maricella Griego
701,Bartoli Ibarra
701,Crotilda Ruelas
701,Dolores Cepeda
701,Galenia Botello
701,Tabora Vanegas
701,Marcela Banda
701,Savannah Tafoya
701,Brigida Almonte
701,Natanael Sepúlveda
701,Mano Ortega
701,Izarre Arana
701,Palma Leyva
701,Florida Santillán
701,Calandria Ramos
701,Flor Carrera
701,Anbessa Madrigal
701,Estralita Herrera
701,Francisco Mireles
708,Pabla Castro
708,Garcia Benítez
708,Galenia Godoy
708,Santos Gaitán
708,Abran Brito
708,Ora Villaseñor
708,Immaculada Carrero
708,Garabine Olivárez
708,Carlotta Polanco
708,Yanely Olivo
708,Alfredo Navarro
708,Esmerelda Burgos
708,Inoceneia Melgar
708,Dulcina Camarillo
708,Thalia Preciado
708,Seina Ochoa
710,Reina Badillo
710,Vionaika Salcedo
710,Roldana Espinoza
710,Maricela Orosco
710,Jerrald Márquez
710,Montel Duran
710,Ikerne Deanda
710,Eduardo Terán
710,Enrica Santiago
710,Reyna Alcantar
710,Valencia Haro
710,Sevilla Camarillo
710,Ula Escobedo
712,Natividad Barrientos
712,Emerald Treviño
712,Fanuco Curiel
712,Edenia Casanova
712,Cidro Sepúlveda
712,Salvadora Comejo
712,Luciano Cintrón
712,Isabella Monroy
712,Maitea Muñiz
712,Emesto Herrera
714,Dacio Ríos
714,Montel Vázquez
714,Eloy Valdez
714,Destina Torres
714,Lia Orozco
714,Leon Zepeda
714,Galenia Pena
714,Gotzone Valdez
714,Magdalena Ybarra
714,Estefania Meza
714,Nita Rico
714,Aricela Mena
714,Nicanora Montalvo
714,Jovina Menéndez
714,Henriqua Cordova
714,Molara Vargas
714,Diega Vázquez
717,Rocio Deleón
717,Lenora Llarnas
717,Javier Carrera
717,Guadalupe Orozco
717,Leahonia Pabón
717,Isabel Mejía
717,Edwardo Domínquez
717,Teresa Muñiz
717,Izar Blanco
717,Ramone Alonso
717,Matia Jaramillo
717,Bienvenida Leal
717,Zurina Jaramillo
717,Rey Galindo
717,Zaviera Gonzales
717,Gustava Estévez
718,Osana Ávila
718,Juana Almaraz
718,Dayami Correa
718,Cid Esparza
718,Ulises Olivárez
718,Marco Rosales
718,Carlotta Zamora
718,Rosemarie Murillo
718,Clodovea Márquez
718,Ladonna Otero
718,Xeveria Carrión
718,Yesenia Armijo
718,Suzelly Hernádez
718,Elvio Adomo
718,Ramon Delarosa
718,Macario Armijo
718,Jose Tejada
718,Leonardo Monroy
718,Asianah Caldera
718,Madre Pulido
718,Natalia Mares
718,Segunda Olivárez
719,Landa Mares
719,Aurkene Amador
719,Melosia Grijalva
719,Kemina Arteaga
719,Monaique Olivares
721,Belita Mendoza
721,Dantel Soria
721,Pacho Franco
721,Jakinda Serrano
721,Zaviera Bernal
721,Esmeralda Abreu
723,Casta Tello
723,Casey Rascón
723,Sancia Casárez
723,Gerardo Fonseca
723,Marlina Barragán
723,Tomas Naranjo
723,Salvadore Mesa
723,Victor Salazar
723,Luella Zavala
723,Ula Garrido
723,Ulises Varela
723,Garabine Corona
723,Frascuelo Lucio
723,Juanetta Macías
723,Paloma Chávez
723,Beatrisa Vasquez
723,Socorro Santiago
725,Judith Moreno
725,Lur Toro
725,Cid Montanez
725,Sancho Rascón
725,Javiero Botello
725,Adriano Pantoja
725,Pabla Monroy
725,Reyna Escobar
725,Leya Alcaraz
725,Ignazio Casillas
725,Materia Pina
725,Cheena Padrón
725,Cris León
725,Lucita Alcaraz
725,Veto Alva
725,Buena Lara
725,Oliverio Villareal
725,Abran Paredes
726,Pasha Vega
726,Mano Quiñónez
726,Noemi Sisneros
726,Eleena Morales
726,Katia Concepción
726,Damita Collado
726,Xalvadora Acosta
726,Chica Ibarra
726,Cristofor Maestas
726,Zanita Bueno
726,Jerold Molina
726,Isabel Agosto
726,Ventura Raya
726,Arlo Madrigal
726,Frascuelo Valdivia
726,Tonio Castellanos
726,Rufina Montero
726,Andres Velasco
737,Pasqual Barrios
737,Querida Marroquín
737,Erasmo Bahena
737,Ursulina Ochoa
737,Beatrisa Portillo
737,Maite Matos
737,Candi Montenegro
737,Emerald Parra
737,Lalla Narváez
737,Consuelo Barela
737,Josefa Balderas
737,Elisa Madera
737,Aurkene Gil
737,Cristiano Lozada
737,Damario Ávalos
737,Conshita Guzmán
737,Yaira Gaytan
737,Leandra Caldera
737,Madeira Pantoja
739,Delmara Marrero
739,Esma Carrión
739,Ciceron Saldana
739,Iago Briseño
739,Zurina Alonso
739,Florinia Figueroa
739,Segunda Laboy
739,Alfonso Ruelas
739,Cristos Blanco
739,Pancho Marín
739,Danilo Medina
739,Natalio Cruz
740,Montenegro Barrios
740,Leonora Gutiérrez
740,Ginebra Figueroa
740,Dalila Perales
740,Maureo Collado
740,Armena Galvez
743,Jesusa Abrego
743,Conchetta Zambrano
743,Martinez Partida
743,Francisco Atencio
743,Lalia Carreón
743,Fresco Gamboa
743,Belinda Calderón
743,Maureo Jáquez
743,Dreena Enríquez
743,Edita Garica
743,Idoia Vallejo
743,Lupita Delgadillo
743,Katia Soria
743,Feo Ocasio
743,Nestor Palomo
743,Gregorio Gil
745,Lalo Pichardo
745,Pascual Griego
745,Kasandra Castro
745,Cirilo Santacruz
745,Nelida Armendáriz
746,Rita Longoria
746,Jerold León
746,Emanuel Ortiz
746,Delphia Mata
746,Mauro Vela
746,Placido Lira
746,Lala Batista
746,Bonita Irizarry
746,Nautica Zamudio
746,Maritza Cadena
746,Roldan Echevarría
746,Suzelly Baeza
746,Hilario Suárez
746,Esteban Valentín
746,Olademis Fonseca
746,Marisela Martínez
746,Chela Vázquez
746,Xevera Otero
746,Joaquina Vázquez
746,Nicanor Porras
746,Lola Espino
746,Aquilino Rascón
746,Sevilla Rojo
746,Maitea Arana
746,Lia Iglesias
746,Inocenta Abeyta
746,Gil Urena
746,Luz Blanco
746,Magdalena Muro
746,Fraco Espinoza
749,Roderiga Marín
749,Macerio Soliz
749,Leonides Parra
749,Federico Carbajal
749,Enrique Caraballo
749,Geraldo Trejo
749,Nana Montoya
749,Montel Ramos
749,Natal Garrido
749,Alejandro Escobedo
749,Rodolfo Matos
749,Hernan Vanegas
749,Soledad Nazario
749,Christina Arreola
751,Madelynn Chapa
751,Salvadora Cabán
751,Angelito Beltrán
751,Urbano Ortega
751,Drina 	Duena Tijerina
751,Legarre Gaona
751,Jonas Rascón
751,Estelita Sedillo
751,Navarro Gurule
751,Natal Alanis
751,Roano Manzanares
751,Elvera Chapa
751,Naiara Casares
753,Dacio Valencia
753,Sonora Haro
753,Pia Quintana
753,Beinvenido Bonilla
753,Arcelia García
753,Patricia Armenta
753,Suelita Velez
753,Adan Serna
753,Andreo Vallejo
753,Soledada Solorio
753,Monita Madrigal
753,Nelia Sotelo
753,Reyna Becerra
753,Kemen Lozano
753,Buinton Roque
753,Estevon Batista
754,Cedro Velasco
754,Adelio Berrios
754,Raul Navarro
754,Pedra Hidalgo
754,Galtero Montero
754,Sierra Echevarría
754,Zurine Mercado
754,Mendi León
754,Clarisa Otero
754,Athalia Guerra
754,Chavelle Zavala
754,Marco Garay
754,Elvio Espinosa
754,Madina Villa
754,Cid Aragón
754,Cesario Serrato
754,Cidro Posada
754,Gertrudis Garrido
754,Delphia Beltrán
754,Lala Acosta
754,Damario Berrios
754,Usoa Miramontes
754,Fidelina Arroyo
754,Mauricio Ojeda
754,Macerio Jaimes
757,Magdalene Montero
757,Dulcinea Montez
757,Dora Méndez
757,Ginessa Solano
757,Kesara Rincón
757,Segundo Carvajal
757,Placida Linares
757,Kita Cisneros
757,Oliveria Ontiveros
757,Brigidia Sanches
757,Ezequiel Riojas
757,Eskama Ramos
757,Jaione Zelaya
757,Ronaldo Madera
757,Florita Muñiz
757,Presencia Cortez
757,Luiza Quiroz
757,Hermosa Bustos
757,Veta Villanueva
757,Tia Méndez
757,Guillermina Balderas
757,Berta Saavedra
757,Seina Campos
757,Puebla Soto
757,Curcio Escobedo
757,Lupita Soliz
757,Porfiro Lerma
757,Rodas Argüello
760,Leonardo Robledo
760,Buinton Tapia
760,Irene Orta
760,Dante Romo
760,Virginia Bustos
760,Leonor Velez
760,Vicente Laboy
760,Mireya Ramos
760,Berta Trejo
760,Eleanora Ramírez
760,Tea Tirado
760,Urbano Treviño
760,Suelita Olivas
760,Judith Montés
760,Levina Mares
760,Gabriella Crespo
760,Lisandro Balderas
761,Irune Méndez
761,Bienvenida Tirado
761,Neva Alcantar
761,Belita Concepción
761,Pastora Narváez
761,Madalynn Aranda
761,Laurita Aragón
761,Esequiel Candelaria
761,Xevera Casillas
761,Dominga Alcantar
761,JaJuan Roybal
761,Sabina Pena
761,Laline Corral
761,Zita Manzanares
761,Nailea Pulido
761,Richie Cortés
761,Felippe Arenas
761,Lorenzo Berrios
761,Idalyz Ruelas
761,Evita Maya
761,Rodolfo Ortiz
761,Consolata Prieto
761,Gil Deanda
763,Manolo Brito
763,Juana Arreola
763,Lupita Olivo
763,Clarissa Corona
763,Victoro Guajardo
764,Feo Hernádez
764,Cuarto Urías
764,Vincente Navarrete
764,Ginebra Preciado
764,Eneas Holguín
770,Yuricema Patino
770,Erlene Carvajal
770,Carlos Esparza
770,Kita Limón
770,Cristofer Villagómez
770,Montes Reyes
770,Denisa Carmona
770,Izazkun Segura
770,Leonor Curiel
770,Kiki Preciado
770,Orlondo Lovato
770,Alberto Rojo
771,Zapopa Velásquez
771,Guillermina Domínquez
771,Aquila Lucio
771,Fidel Altamirano
771,Maricruz Cintrón
771,Lali Estrada
771,Ricarda Castillo
771,Ella Vigil
771,Tia Nava
771,Zanita Baca
771,Sofia Meraz
771,Montrel Segura
771,Emesta Fonseca
771,Natalio Herrera
771,Marietta Muñiz
773,Savannah Dávila
773,Gabriela Esparza
773,Pedro Rodríguez
773,Tajo Reyna
773,Teresa Aragón
774,Santiago Narváez
774,Maricruz Casas
774,Solana Salinas
774,Cortez Godínez
774,Dia Raya
774,Pacorro Santillán
774,Tierra Gallardo
774,Cyntia Castaneda
774,Laurana Velasco
774,Gezana Beltrán
774,Dario Collado
774,Lucrecia Molina
774,Cornelio Agosto
774,Candi Santana
774,Kristina Zaragoza
774,Serafin Calvillo
774,Saul Jaimes
774,Emilio Lugo
774,Gertrudes Terán
774,Fausta Avilés
774,Roano Franco
774,Maria Contreras
774,Luciano Noriega
774,Daria Urías
780,Natanael Madrigal
780,Lucena Solís
780,Izazkun Olmos
780,Carlita Rodríguez
780,Miranda Casanova
780,Lonzo Ponce
780,Orquidia Ocampo
780,Carminda Arenas
780,Arturo Urrútia
780,Manuel Nieto
782,Alba Cervantes
782,Rodolfo Olivera
782,Consuelo Gallardo
782,Juanita Burgos
782,Nicolas Menéndez
782,Suzelly López
782,Lucrecia Ontiveros
782,Casandra Vaca
782,Faron Ramírez
782,Naiara Archuleta
782,Gezana Magana
782,Charo Pedraza
782,Xeveria Loera
782,Godfredo Cavazos
782,Fidele Meléndez
782,Jovana Galindo
782,Chrisanna Casanova
782,Neva Ballesteros
782,Juandalynn Barrientos
782,Orland Peres
782,Atalaya Alcalá
782,Pia Macías
782,Chavela Díaz
782,Mercedes Negrón
786,Carmela Valdés
786,Lobo Briones
786,Gaspar Mata
786,Edita Vasquez
786,Alonso Correa
786,Concepcion Venegas
786,Salbatore Sotelo
786,Marta Valdivia
786,Luisa Galvez
786,Blasa Meza
786,Ceri Mares
786,Oliveria Jaimes
786,Alfonso Preciado
786,Tauro Ortiz
786,Cionnaye Núñez
786,Gabriela Batista
787,Magdalene Granado
787,Elvita Alemán
787,Felippe Guillén
787,Serena Mateo
787,Quinto Amador
787,Heriberto Méndez
787,Normando Nieto
787,Mayra-Liz Aguilera
787,Lupita Toledo
787,Severo Matos
787,Roque Longoria
787,Earlina Rosales
787,Consuelo Pineda
788,Montrel Delao
788,Roana Delao
788,Alano Medina
788,Yosdalkis Delatorre
788,Maite Zaragoza
788,Ricardo Berrios
788,Mano Carrillo
788,Roja Malave
788,Eduardo Olivares
788,Jeremias Raya
788,Humberto Rincón
788,Taurino Matos
788,Florentino Escobedo
788,Ramon Sepúlveda
788,Melisenda Pacheco
788,Isabela Valenzuela
788,Calandria Santillán
791,Olinda Ponce
791,Pascual Serna
791,Chalina Villalpando
791,Damita Nevarez
791,Izar Alva
794,Filipa Guzmán
794,Blas Pantoja
794,Hidalgo Valles
794,Paco Carbajal
794,Tauro Sepúlveda
794,Ria Paz
794,Pastora Casillas
794,Garbina Jimínez
794,Rosario Torres
794,Mano Arreola
794,Eva León
794,Manuela Figueroa
794,Morissa Carbajal
794,Gaspara Mejía
794,Jerico Colunga
794,Iago Hinojosa
798,Judith Vanegas
798,Placido Aguayo
798,Blanca Caldera
798,Montrel Quintanilla
798,Ramiro Casillas
802,Curcio Bernal
802,Cassandra Mojica
802,Javier Benítez
802,Humberto Hidalgo
802,Catalin Montoya
802,Daunte Abrego
802,Gala Tafoya
802,Esperanza Calderón
802,Yumaris Enríquez
802,Drina 	Duena Rubio
802,Fortuna Jaramillo
802,Victorio Ornelas
802,Victoriano Escalante
802,Senalda Palomino
808,Trella Briseño
808,Rodolfo Caballero
808,Salbatora Zepeda
808,Carola Gil
808,Leonora Montoya
808,Jax Valencia
808,Godfredo Benavides
808,Camila Roldán
808,Leticia Trujillo
808,Noe Delacruz
808,Jesus Bahena
808,Leahonia Venegas
808,Ignado Cavazos
808,Madelynn Camarillo
808,Ramiro Galván
808,Lisandro Cárdenas
808,Deina Solórzano
808,Tomas Saavedra
809,Evita Cortez
809,Tia Reynoso
809,Bonifacio Vargas
809,Marcos Carrasco
809,Victorio Estévez
809,Estefania Matos
809,Jovita Saavedra
809,Oliveria Toro
809,Josune Fierro
809,Milagros Leiva
809,Platon Palomo
809,Mariano Samaniego
809,Ciro Arévalo
809,Estevon Archuleta
809,Buinton Bonilla
809,Pacorro Acevedo
809,Sabino Flores
809,Gechina Razo
809,Salvino Zelaya
809,Ria Curiel
809,Bartolome Ponce
809,Sancia Franco
809,Rocio Cervantes
811,Chrysann Polanco
811,Dacio Solano
811,Generosb Jaimes
811,Pacho Balderas
811,Honoratas Escobedo
811,Gabino Medina
811,Dacio Benavides
811,Rosa Elizondo
811,Rodrigo Nevarez
811,Vicenta Segovia
811,Orlin Gallegos
811,Fausto Colón
811,Melisenda Roque
811,Emilie Orozco
813,Morissa Carvajal
813,Montrell Rodríguez
813,Josefa Collazo
813,Josue Madera
813,Ignado Maya
813,Morissa Cintrón
813,Yajaira Brito
813,Odanda Nieto
813,Quin Villalobos
813,Salvatore Ocampo
813,Adriano Guerra
813,Heriberto Robles
813,Saul Alcaraz
814,Felix Aponte
814,Montrel Segovia
814,Cesara Montenegro
814,Francisco Téllez
814,Mimi Bahena
814,Renaldo Reyes
814,Madelynn Orellana
814,Lore Amador
814,Ramona Ponce
814,Julio Gaona
814,Erlina Delgadillo
814,Carleigha Luján
814,Erasmo Caraballo
814,Ezmeralda Carrasquillo
814,Silvia Villanueva
814,Calandria Arriaga
814,Lazaro Tejeda
819,Yolanda Altamirano
819,Garbina Segovia
819,Chiquita Gonzales
819,Saturnina Baez
819,Camila Pulido
819,Fabio Marroquín
819,Mayra-Liz Adame
819,Presencia Matos
819,Faqueza Alcantar
819,Roderiga Benavidez
819,Lonzo Grijalva
819,Yelina Montalvo
819,Yonaidys Mojica
819,Godalupe Guardado
819,Erendira Esquivel
819,Pirro Cedillo
819,Zaviera Espinal
819,Nemesio Contreras
819,Esteban Ortega
822,Hilario Jáquez
822,Florinia Pedraza
822,Xuxa Fernández
822,Nixzaliz Olmos
822,Estrellita Márquez
824,Hernan Batista
824,Frederico Benítez
824,Laurinda Feliciano
824,Lera Jáquez
830,Alejandro Alániz
830,Cipriana Zúñiga
830,Mauricio Vera
830,Ivette Cintrón
830,Teresa Arce
830,Lorenzo Rosas
830,Jax Arenas
830,Pilar Baez
830,Jax Núñez
830,Carlomagno Crespo
830,Juan Valdés
830,Platon Casárez
830,Ora Barrios
830,Teresita Lira
830,Moya Pedraza
830,Ikerne Bermúdez
830,Francisco Anguiano
830,Ursulina Delao
832,Eloisa Méndez
832,Luciano Cabán
832,Florentino Marrero
832,Shoshana Delgado
832,Madeira Bernal
832,Monica Rodríguez
832,Pepita Garica
832,Stefano Collazo
832,Yedid Chapa
832,Jovina Grijalva
832,Estella Tovar
842,Norberto Valle
842,Xevera Segura
842,Iluminada Collazo
842,Iluminada Gonzales
842,Luis Bustos
842,Evita Pizarro
842,Leonides Gómez
842,Roberto Hernández
842,Marlina Najera
842,Noemi Enríquez
842,Maria Bravo
842,Ramira Paez
842,Rosario Arenas
842,Elsa Sánchez
842,Ria Leal
842,Malia Reyes
842,Belinda Granados
848,Curcio Colunga
848,Yaira Lira
848,Esperanza Gaona
848,Matro Cazares
848,Hidalgo Arce
848,Honorato Alániz
848,Carmen Brito
848,Hortencia Suárez
848,Sara Urías
848,Dionisa Velez
848,Lalo Sotelo
848,Magalys Peralta
848,Ernesto Laureano
848,Coraly Gurule
848,Dominica Haro
848,Celestina Vela
848,Jax Robles
848,Luiza Altamirano
848,Solymar Camacho
849,Vina Carrera
849,Manuelo Calvillo
849,Timoteo Batista
849,Valencia Portillo
849,Igone Medina
849,Dolores Saldivar
849,Zita Villalpando
849,Delcine Chapa
849,Arnaldo Pantoja
849,Platon Jaime
849,Asianah Pedroza
849,Paloma Domínguez
849,Conshita Baca
849,Martinez Cardona
849,Macario Bonilla
849,Igone Apodaca
849,Carlomagno Aranda
849,Soledad Samaniego
849,Lavina Tijerina
849,Charo Bermúdez
849,Cyntia Dávila
849,Pepe Delapaz
849,Julieta Ayala
849,Cesaro Santillán
849,Salvadora Comejo
849,Ileanna Delgado
851,Jeremias Hernández
851,Galeno Alfaro
851,Eva Rosales
851,Toli Barajas
851,Lluvia Melgar
853,Francisca Trejo
853,Delmara Reynoso
853,Landa Vera
853,Elvio Roybal
853,Ivonne Almonte
854,Raymon Miramontes
854,Moises Juárez
854,Aura Carrillo
854,Exaltacion Casanova
854,Estefania Delapaz
854,Seina Borrego
854,Mano Botello
854,Mauricio Delatorre
854,Bonita Mares
854,Yelina Soliz
854,Beinvenido Zelaya
854,Melita Coronado
854,Jerico Santacruz
854,Candie Tirado
854,Inocenta Rivas
859,Atalaya Armendáriz
859,Pura Samaniego
859,Lupe Barela
859,Godofredo Carrero
859,Belicia Delagarza
859,Elvia Téllez
859,Jade Quintero
859,Luciano Alonzo
859,Ceri Domínguez
859,Gregoria Aparicio
859,Henriqua Ruvalcaba
859,Estelita Frías
860,Shoshana Mena
860,Paco Adomo
860,Ricardo Barreto
860,Jomayra Griego
860,Curro Atencio
860,Frescura Saavedra
860,Artura Mascarenas
860,Timoteo Vallejo
860,Lala Núñez
860,Tobias Campos
860,Alberto Frías
860,Magdalen Olmos
861,Dora Rolón
861,Navarro Verdugo
861,Mariana Rodríguez
861,Porfirio Salcedo
861,Vionaika Baez
861,Carmina Rivera
862,Honor Terrazas
862,Rosemarie Murillo
862,Felisa Jiménez
862,Chan Estévez
862,Rufo Vaca
862,Angelo Ocampo
862,Jesusa Peres
862,Leticia Gamez
862,Alano Calvillo
862,Feliciano Meza
862,Gabriella Gastelum
862,Yanire Terrazas
862,Nerita Jurado
862,Mio Altamirano
862,Rosalinda Coronado
862,Esteva Trujillo
862,Kemena Verduzco
862,Raymon Alejandro
862,Thalia Tamez
862,Yanamaria Gaytan
862,Victoriano Tafoya
863,Patricia Canales
863,Adriano Sarabia
863,Kita Segura
863,Amado Perea
863,Quin Garay
863,Mateo Saucedo
863,Laurita Árias
863,Janisa Pérez
863,Solana Chávez
863,Lalia Mateo
863,Jimena Ayala
863,Roldana Ortega
863,Lia Aranda
863,Cira Escalante
863,Mallorie Galarza
863,Salvino Escobedo
864,Yashira Avilés
864,Enrique Arteaga
864,Sevilla Segovia
864,Salvadora Olivo
864,Godfredo Najera
864,Orlando Ceja
864,Amadeo Ontiveros
864,Saturnina Zamudio
864,Dreena Díaz
864,Montay Gutiérrez
864,Miranda Terrazas
864,Fausto Ochoa
864,Gaspara Carranza
864,Serena Cotto
864,Domenica Merino
864,Chavela Espinal
864,Asuncion Delafuente
864,Ernesto Muro
864,Montrel Corrales
864,Andres Guzmán
864,Magdalen Tejeda
864,Artura Aragón
864,Emilia Herrera
865,Cid Olmos
865,Gillermo Mercado
865,Buena Salazar
865,Josue Colunga
865,Honorato Lucero
866,Emilie Puente
866,Justino Juárez
866,Lali Domínguez
866,LaCienega Balderas
866,Silvino Najera
866,Victorio Mojica
867,Pacorro Hidalgo
867,Ambrosio Carrión
867,Vittoria Candelaria
867,Ciro Gamez
867,Brandye Alarcón
867,Alba Vergara
867,Anibal Peralta
867,Enzo Corral
867,Jacinta Carrillo
867,Aurelio Montanez
867,Everardo Tejada
867,Norma Espinal
867,Toli Zamudio
867,Milagros Lozada
867,Orlondo Frías
867,Florencia Osorio
867,Conrado Tello
867,Ileanna León
867,Mauricio Apodaca
867,Silvia Porras
867,Suzelly Terrazas
867,Juanetta Matos
868,Alonso Aponte
868,Ventana Varela
868,Dulcinea Amador
868,Federico Rocha
868,Molara Cortés
868,Milagrosa Navarro
868,Rocio Quiñones
868,Cristofor Cotto
868,Rodolfo Nieto
868,Cisco Agosto
868,Manuel Alba
868,Gitana Calvillo
868,Kesare Castellanos
868,Dominica Castaneda
868,Jerico Almonte
868,Paco Cárdenas
868,Leonides Laureano
868,Andreo Galvez
870,Conrado Aragón
870,Earlina Narváez
870,Azura Riojas
870,Maria Duarte
870,Ofelia Rubio
870,Godfredo Sosa
870,Fabio Méndez
870,Hortencia Curiel
870,Melisenda Garibay
870,Dreena Quintanilla
870,Nelia Quiñones
870,Neto Murillo
870,Elvera Roque
870,Cesaro Frías
871,Sein Fajardo
871,Romana Cantú
871,Fanuco Linares
871,Socorro Ortiz
871,Anton Griego
871,Roz Echevarría
871,Clodovea Alarcón
871,Cid Guajardo
871,Tanis Lira
871,Dulcinia Solórzano
871,Renato Nieves
871,Chela Pichardo
871,Bienvenida Hernádez
871,Mariano Loya
871,Bella Jaramillo
871,Evarado Valle
875,Quito Varela
875,Lavina Terrazas
875,Ernesta Matías
875,Montrel Montemayor
875,Damita Ortiz
875,Aura Bueno
875,Rosalia Yáñez
875,Tavio Benítez
875,Blas Arévalo
875,Galtero Cervántez
875,Sein Cuellar
875,Carmina Merino
875,Ileanna Rivera
875,Cisco Rivera
875,Yanire Abeyta
875,Isabel Terrazas
875,Cristina Nevarez
875,Tulio Tapia
875,Kiki Barrera
875,Lucrecia Mesa
875,Julina Tello
875,Marco Gaytan
875,Eldora Mesa
875,Lala Carrera
875,Mateo Zapata
875,Tabor Casas
875,Lara Robles
875,Rufio Ballesteros
878,Cristiano Delafuente
878,Madena Navarro
878,Purisima Rosas
878,Erendira Pina
878,Earlena Aparicio
878,Migdalia Avilés
882,Hernan Árias
882,Rufa Elizondo
882,Ester Olivo
882,Juanetta Peres
882,Melosia Alániz
882,Belgis Rosario
882,Pastora Valdivia
882,Felicita Serrano
882,Lalo Cordova
882,Guadalupe Delgadillo
882,Zanetta Altamirano
882,Consuela Menchaca
882,Amadeo Loera
882,Ernesta Vallejo
882,Zita Palomo
882,Dulcinea Ontiveros
882,Orlondo Brito
884,Melosa Mejía
884,Yadra Mercado
884,Jordana Rivero
884,Concepcion Zúñiga
884,Liliana Cedillo
884,Ciro Villaseñor
884,Ramone Archuleta
884,Ovidio Rodrígez
884,Joselito Garrido
884,Xevera Uribe
884,Yara Montero
884,Carola Valentín
884,Yvonne Holguín
884,Maite Tamez
884,Eleena Mateo
884,Landa Negrete
884,Damario Valencia
884,Nekane Escobar
884,Carmencita Rincón
884,Claudio Alonzo
884,Soledada Hernádez
884,Cedro Valenzuela
884,Chico Soto
884,Chavez Gamboa
885,Iratze Cervántez
885,Nailea Guajardo
885,Pitina Arenas
885,Agustin Núñez
885,Marlina Gurule
885,Zandra Quintero
885,Remedios Bustos
885,Mirari Cotto
885,Marcela Loya
885,Palben Cepeda
885,Cassandra Arévalo
885,Pascual Briseño
885,Prospero Sedillo
885,Anbessa Pineda
885,Aura Torres
885,Porfirio Espinoza
885,Marcela Sevilla
888,Coco Figueroa
888,Roja Agosto
888,Buinton Sosa
888,Rogelio Bermúdez
888,Pedra Zavala
888,Teyo Molina
888,Berta Toledo
888,Marlina Pérez
888,Clarinda Arredondo
888,Anton Varela
888,Alejandro Acuna
888,Tabor Delao
888,Raquel Ríos
891,Galena Munguia
891,Hilario Corral
891,Carlotta Paredes
891,Evalisse Tejeda
896,Suzelly Lara
896,Macario Domínguez
896,Maricela Vanegas
896,Coco Esquibel
896,Sarita Zaragoza
896,Telma Apodaca
896,Manuela Ríos
896,Francisco Orta
896,Enrique Gil
896,Carmita Flórez
896,Gerardo Ceja
896,Elsa Lemus
896,Curro Delagarza
896,Paquita Castellanos
896,Onofre Crespo
898,Elena Peralta
898,Bartoli Olvera
898,Palba Abreu
898,Cassandra Arriaga
898,Anselmo Vargas
898,Hermosa Saenz
898,Julian Márquez
898,Loretta Avilés
898,Dukinea Saavedra
898,Karmen Vanegas
898,Prospero Mena
898,Maureo Palacios
898,Jesenia Delgado
898,Porfiro Cabán
898,Pasqual Zamora
898,Florinio Castillo
898,Martha Estévez
898,Santo Hurtado
898,Chica Ojeda
900,Neron Valdés
900,Vionaika Valdivia
900,Veto Ávalos
900,Manolito Tórrez
900,Martin Torres
900,Guido Ibarra
900,Bibiana Estrada
900,Purisima Saenz
900,Estefany Figueroa
900,Garbine Sedillo
900,Mauricio Collazo
900,Arcilla Mejía
900,Eugenio Contreras
900,Serena Benavidez
900,Eneas Gurule
900,Rafael Pedraza
900,Edenia Pedraza
900,Pedra Castillo
902,Olivia Santillán
902,Mariquita Zavala
902,Lucrecia Carrasco
902,Charo Briseño
902,Carisa Espinosa
902,Amadeo Delatorre
902,Hermosa Nieto
902,Flor Zúñiga
902,Jesenia Uribe
902,Jaione Collado
902,Heriberto Rolón
902,Freira Olivo
902,Atalaya Rosas
902,Julina Peralta
904,Imelda Vaca
904,Manda Quintero
904,Montez Barraza
904,Yoana Frías
904,Serafina Montez
904,Michelle Becerra
904,Vionaika Robledo
904,Beinvenido Collado
904,Edwardo Quintanilla
904,Palma Pina
904,Juanetta Martínez
908,Claudia Álvarez
908,Luella Malave
908,Izar Baez
908,Zita Jasso
908,Daria Garza
908,Salvadora Arreola
908,Gaspara Alicea
908,Ester Olmos
908,Galtero Uribe
908,Felipe Aguilera
908,Jose Valencia
908,Lorda Calderón
908,Tulia Mata
908,Gracia Galvez
908,Daunte Lozada
908,Leandra Lemus
909,Senalda Rivas
909,Patricia Gamboa
909,Izar Colunga
909,Leonor Hernandes
909,Jovena Lomeli
911,Hugo Verdugo
911,Juanita Serrano
911,Reyes Mata
911,Reyes Mata
911,Alano Arenas
911,Frascuelo Alvarado
911,Dolores Bermúdez
911,Garabina Carbajal
911,Miguel Bustamante
912,Constanza Muñoz
912,Alarico Aguayo
912,Sierra Pulido
912,Calvina Pérez
912,Bibiana Lerma
912,Frescura Reynoso
912,Fidelina Garibay
912,Dorinda Juárez
912,Madina Acosta
912,Nestor Cortés
912,Ciri Paredes
912,Dorbeta Villegas
912,Cesara Valdés
912,Cipriana Riojas
912,Ramon Guzmán
912,Ciceron Osorio
912,Cenobia Caldera
912,Calandria Villanueva
912,Juliana Anguiano
913,Ignazio Guevara
913,Earlene Jiménez
913,Lorda Carreón
913,Rai Zaragoza
913,Athalia Rascón
914,Thaimy Carreón
914,Olademis Ochoa
914,Loretta Escobar
914,Maricela Olivárez
914,Heriberto Ochoa
914,Iluminada Morales
914,Rufo Loera
914,Ginessa Montez
914,Enzo Guzmán
914,Laurencia Rocha
914,Alonzo Tello
914,Ginebra Navarro
914,Franco Nava
914,Damian Patino
914,Carleigha Maestas
914,Macerio León
914,Odanda Hurtado
914,Marietta Valverde
914,Fonda Banda
914,Charo Argüello
914,Erasmo Arenas
914,Armanda López
914,Consuelo Centeno
914,Jeremias Farías
914,Shoshana Amador
